thai,english
◆ คุณอยู่ที่นี่,◆ You are here
Lv.แนะนำ,Rec. Lv.
📍 แตะที่แผนที่เพื่อเลือกพื้นที่ และเดินทางไปยังตำแหน่งนั้น,"📍 Tap the map to pick a region, then travel there"
กำลังโหลดภาพแผนที่…,Loading map art…
โหลดภาพไม่สำเร็จ กรุณาลองโหลดใหม่,Failed to load images. Please reload.
ขายสินค้า +,Sold items +
⚠ แชทยังเชื่อมต่อไม่ได้ — ข้อความถูกเก็บไว้และจะส่งเมื่อเชื่อมต่อใหม่,⚠ Chat is not connected — your message is queued and will be sent on reconnect
Wiki / ข้อมูลเกม,Wiki / Game Info
ไม่มีคู่ซื้อขายในโหมดออฟไลน์ คืนให้แล้ว,No counterparty in offline mode. Refunded.
ตัวละครล้มลงแล้ว · พักสักหน่อยแล้วกลับไปผจญภัยกันต่อ,"Your character has fallen · Take a breath, then get back to the adventure"
· คลิกมอนสเตอร์ (หรือคู่ดวล) เพื่อเลือกเป้าหมาย · Esc ยกเลิก,· Click a monster (or duel opponent) to target · Esc to cancel
เข้าโจมตีคู่ดวล — วิ่งเข้าหาและฟันอัตโนมัติ,Attacking duel opponent — closing in and striking automatically
เดินเข้าใกล้พ่อค้า แล้วคลิกเพื่อขายสินค้า,"Walk up to the merchant, then click to sell"
เดินเข้าใกล้นายหน้าตลาด แล้วคลิกเพื่อเปิดตลาด,"Walk up to the Market Broker, then click to open the Market"
เดินเข้าใกล้เจ้าหน้าที่คลัง แล้วคลิกเพื่อฝาก–ถอน,"Walk up to the Storage Keeper, then click to deposit or withdraw"
⚠ Test Server · เกมอยู่ในช่วงพัฒนา — อาจพบบัค พบปัญหาแจ้งได้ที่ Discord,⚠ Test Server · The game is in development — expect bugs. Report issues on Discord
📢 ใหม่! ปาร์ตี้ได้โบนัสดรอป +2% ต่อสมาชิกในแผนที่เดียวกัน (สูงสุด 12 คน) คู่กับ EXP — ชวนเพื่อนมาล่าด้วยกัน,"📢 New! Parties now get Drop +2% per member on the same map (max 12), alongside the EXP bonus — bring your friends hunting"
เควสใหม่:,New quest:
ทำครบแล้ว — มารับรางวัลที่หน้าต่าง Quest (กด Q),complete — claim your reward in the Quest window (press Q)
อัปเดตระบบสถานะ: รีเซ็ตค่าสถานะเป็น 1 และคืนแต้มทั้งหมดตามเลเวล (,Stat system update: all stats reset to 1 and every point for your level refunded (
แต้ม) · เปิดหน้าต่าง Status (กด C) เพื่อแจกแต้มใหม่,points) · Open the Status window (press C) to spend them again
ล้มอยู่จากการดวล — รอลุกก่อน,Downed in a duel — wait until you get up
ต้องมีลูกธนูอย่างน้อย 1 อันจึงใช้สกิลได้,You need at least 1 arrow to use this skill
ใช้ Red Potion ฟื้น HP,Used Red Potion
ใช้ Orange Potion ฟื้น HP,Used Orange Potion
ใช้ Yellow Potion ฟื้น HP,Used Yellow Potion
ใช้ White Potion ฟื้น HP,Used White Potion
ใช้ Concentration Potion,Used Concentration Potion
ใช้ Awakening Potion,Used Awakening Potion
ใช้ Berserk Potion,Used Berserk Potion
· เหลือยา HP รวม,· HP potions left:
ลูกธนูใช้อัตโนมัติตอนยิงธนู — ลากไป Shortcut เพื่อดูจำนวนคงเหลือ,Arrows are used automatically when you shoot — drag them to a Shortcut to see how many are left
ต้องมี Base Lv.,Requires Base Lv.
ขึ้นไปจึงใช้ Concentration Potion ได้,or higher to use Concentration Potion
ขึ้นไปจึงใช้ Awakening Potion ได้,or higher to use Awakening Potion
ขึ้นไปจึงใช้ Berserk Potion ได้,or higher to use Berserk Potion
มีบัฟ ASPD ที่แรงกว่านี้อยู่แล้ว,A stronger ASPD buff is already active
% นาน 30 นาที,% for 30 minutes
ใช้ Blue Potion ฟื้น SP +,Used Blue Potion · SP +
เทเลพอร์ต!,Teleport!
ใช้ปีกแมลงปอ — เทเลพอร์ตสุ่มในแมพ,Used Fly Wing — teleported to a random spot on the map
วาร์ปกลับเมือง!,Warped to town!
ใช้ Return Scroll — กลับ Aurelia Forum แล้ว,Used Town Return Scroll — back in Aurelia Forum
พร้อมใช้ · กด H ใช้ยาเล็กสุดก่อน,Ready · H uses the smallest potion first
ทำครบแล้ว · แตะเพื่อรับรางวัล,Complete · tap to claim your reward
ทิ้งคันธนู Bow ไว้!,dropped a Bow!
— คลิกไอเทมเพื่อเก็บ,— click an item to pick it up
กระเป็าเต็ม — เก็บของไม่ได้,Inventory full — cannot pick up items
⚔ กำลังดวล PVP,⚔ PVP duel in progress
ยอมแพ้การดวล…,Surrendering the duel…
ลูกธนูหมด — ซื้อเพิ่มที่พ่อค้า,Out of arrows — buy more from the Merchant
คุณอยู่ที่:,You are in:
รีเซ็ต STR/AGI/VIT/INT/DEX/LUK ของอาชีพปัจจุบันกลับเป็น 1 และคืนแต้มสถานะตามเลเวลทั้งหมด · บิลด์ของอาชีพอื่น อุปกรณ์ อาชีพและเลเวลไม่เปลี่ยน,"Resets your current job’s STR/AGI/VIT/INT/DEX/LUK to 1 and refunds every Status Point for your level · Other jobs’ builds, equipment, class and level are unchanged"
รีเซ็ตสกิลของอาชีพปัจจุบันเป็น 0 และคืนแต้มสกิลตาม Job Level ของอาชีพนั้น · อาชีพอื่นที่เคยเล่นยังเก็บสกิลไว้เหมือนเดิม,Resets your current job’s skills to 0 and refunds skill points for that job’s Job Level · Every other job keeps the skills it learned
รีเซ็ตสถานะสำเร็จ · คืนทั้งหมด,Stats reset · refunded a total of
รีเซ็ตสกิลสำเร็จ · คืนแต้มสกิล,Skills reset · refunded skill points:
→ กลับเป็น 1 ทั้งหมด และได้,"→ all reset to 1, refunding"
ยืนยันรีเซ็ต · Silver,Confirm reset · Silver
· เรียนสกิลรวม,· skills learned:
ระดับ → กลับเป็น 0 ทั้งหมด และได้,"levels → all reset to 0, refunding"
ยืนยันรีเซ็ตสกิล · Silver,Confirm skill reset · Silver
ถึงค่าสูงสุด (99) แล้ว,Maximum reached (99)
กลับเมือง (,Return to town (
เกิดใหม่ที่เมืองเริ่มต้น — HP เต็ม,Respawned in the starting town — HP restored
· ถึงเลเวลสูงสุดแล้ว,· Max level reached
หมดสติ — ลุกใน,Knocked out — getting up in
คุณได้หมดสติ — กด,You were knocked out — press
คุณล้มจากการดวล — ลุกเองใน 10 วินาที,You were downed in the duel — getting up in 10 seconds
ลุกขึ้นสู้ต่อ! (HP 25%),Back on your feet! (HP 25%)
หมดสติ ·,Knocked out ·
ง่ำ!,Chomp!
Silver จากการเทรด,Silver from trade
· คลิกขวาเพื่อเทรด,· right-click to trade
พร้อม — คลิกมอนสเตอร์หรือผู้เล่น / M แผนที่โลก,Ready — click a monster or player / M World map
คลิกที่มอนสเตอร์เพื่อโจมตี — เริ่มจาก Prism Hopper ตัวเล็ก ๆ สีฟ้าใกล้เมือง,Click a monster to attack — start with the small blue Prism Hopper near town
คลิกไอเทมที่ตกพื้น (หรือกด F เป้าหมายใกล้สุด) เพื่อเก็บเข้ากระเป๋า,Click a dropped item (or press F for the nearest one) to pick it up
กด S เปิดหน้าต่าง Status แล้วกด + เพื่ออัปค่าสถานะที่ต้องการ,"Press S to open the Status window, then press + to raise a stat"
กด I เปิดกระเป็า คลิกอุปกรณ์แล้วกดสวมใส่ (หรือลากไปช่องในหน้าต่าง Equipment),"Press I to open your Inventory, click a piece of gear and equip it (or drag it to a slot in the Equipment window)"
กด H เพื่อใช้ยา HP เมื่อเลือดเริ่มน้อย (Q คือหน้าต่างเควส),Press H to drink an HP potion when your health runs low (Q opens the Quest window)
กด K เปิดต้นไม้สกิล แล้วใช้แต้ม Job เรียนสกิลแรก,"Press K to open the Skill Tree, then spend a Job point on your first skill"
คลิกพ่อค้า Silver หน้าเมือง ลองขายของ 1 ครั้งและซื้อของ 1 ครั้ง,Click the Silver Merchant outside town — sell once and buy once
กด M เปิดแผนที่โลก เลือกแมพถัดไปแล้วเดินเข้า portal,"Press M to open the World map, pick the next map and walk into the portal"
สะสมพลังจนถึง Base Level 10 — จากนี้เป็นการผจญภัยของคุณเอง,Grow to Base Level 10 — from here the adventure is yours
แลกเปลี่ยนไอเทมและ Silver,Exchange items and Silver
ท้า PVP,Challenge to PVP
ประลองฝีมือตัวต่อตัว 3 นาที · แพ้ไม่เสียอะไร,3-minute one-on-one duel · nothing lost on defeat
เพิ่มเป็นเพื่อน (เร็ว ๆ นี้),Add as a friend (coming soon)
ออกล่าร่วมกัน (เร็ว ๆ นี้),Hunt together (coming soon)
เร็ว ๆ นี้,Soon
แล้ว — รออีกฝ่ายกดรับ,— waiting for them to accept
— ระบบนี้กำลังพัฒนา,— this feature is in development
การ์ดบอส สุ่มแยกจากของอื่น,Boss card · rolled separately from other drops
สุ่มเพิ่มอีก 1 ขวด (ออนไลน์เท่านั้น),Chance for 1 extra bottle (online only)
ของกิน สุ่มรวมกัน 15% ต่อการฆ่า 1 ตัว,Consumables · 15% combined chance per kill
กองลูกธนู (เก็บครั้งเดียวได้ทั้งกอง),Arrow bundle (one pickup takes the whole stack)
ดรอปคันธนู Bow,Drops a Bow
ช่องถนัดของมอนชนิดนี้ (โอกาส ×6),This monster's favored slot (×6 chance)
ฝากของไว้กับข้าได้นะ ปลอดภัยแน่นอน! 🏦,Leave your goods with me — perfectly safe! 🏦
กระเป๋าเริ่มหนักแล้วหรือ? เอามาฝากกัน,Bag getting heavy? Store it with me.
ของในคลังไม่มีวันหาย วางใจได้เลย,Nothing in Storage ever goes missing. Rest easy.
ฝาก–ถอนกี่ครั้งก็ได้ ค่าบริการศูนย์ Silver!,Deposit and withdraw as often as you like — zero Silver fee!
คลิกที่ข้า แล้วมาฝาก–ถอนของกัน!,Click me to deposit or withdraw!
ส่องของ ·,Inspect ·
คลิกที่ช่องเพื่อดูรายละเอียด · มุมมองแบบอ่านอย่างเดียว,Hover a slot for details · read-only view
Active · สกิลใช้งาน,Active · Usable skills
Passive · สกิลฝังตัว,Passive · Always-on skills
· แต้มทั้งหมด,· Total points
· ใช้แล้ว,· Spent
ลากเพื่อย้ายแถบ Shortcut,Drag to move the Shortcut bar
คู่ดวลออกจากเกม — การดวลจบแล้ว,Duel opponent left the game — duel ended
ออกจากแมพคนละฝั่ง — การดวลจบแล้ว,Players are on different maps — duel ended
คุณหมดสติระหว่างดวล — แพ้,You were knocked out during the duel — defeat
หมดสติ — คุณชนะการดวล!,was knocked out — you won the duel!
หมดสติ — คุณชนะการดวล! 🏆,was knocked out — you won the duel! 🏆
หมดเวลาการดวล — เสมอ,Duel timed out — draw
— ล้มนอน 10 วินาที แล้วลุกขึ้นด้วย HP 25%,"— down for 10 seconds, then you get up with 25% HP"
เริ่มเทรดไม่ได้: ต้องอยู่ใกล้กันและทั้งคู่ต้องว่าง,Cannot start trade: both players must be nearby and not busy
ยกเลิกการเทรด: ผู้เล่นอยู่ไกลกันเกินไป,Trade cancelled: players are too far apart
แต้ม (−Silver,points (−Silver
Silver ไม่พอ,Not enough Silver
กำลังเปลี่ยนชื่ออยู่ กรุณารอสักครู่,Rename in progress. Please wait.
สำเร็จ (−Silver,successfully (−Silver
อัปสกิลไม่ได้ กรุณาตรวจแต้มและระดับสกิล,Cannot upgrade skill. Check your points and skill level.
คู่ดวลอยู่ไกลเกินระยะ — เข้าใกล้ก่อนใช้สกิล,Duel opponent is out of range — move closer before using the skill
สวมไม่ได้ · ต้องการ,Cannot equip · Requires
ฟื้น SP,Restored SP
วาร์ปกลับเมือง Aurelia Forum แล้ว,Warped back to Aurelia Forum
เปิด Mystery Relic Box,Opened the Mystery Relic Box
ติดต่อกล่องจดหมายไม่ได้ ลองใหม่อีกครั้ง,Cannot reach the mailbox. Please try again.
ยกเลิกคำสั่ง รับซื้อ,Buy order cancelled
ยกเลิกคำสั่ง ตั้งขาย,Sell order cancelled
กระเป๋าอุปกรณ์เต็ม เก็บของคืนไม่ได้,Equipment bag is full. Cannot take the item back.
จากกระดานอุปกรณ์ของคุณ ที่ราคา,from your equipment board for
Silver ไม่เพียงพอสำหรับการตั้งรับซื้อ,Not enough Silver to place this buy order
ราคานี้ตรงกับคำสั่งของคุณเอง ระบบไม่จับคู่กับตัวเอง,This price matches your own order. Orders never match against yourself.
ชิ้น รวม,"pcs, total"
· อีก,· another
ชิ้นไม่มีคู่ คืนให้แล้ว,pcs unmatched and refunded
ไม่มีคำสั่งขายที่ราคานี้ คืนให้แล้ว,No sell orders at this price. Refunded.
ไม่มีคำสั่งรับซื้อที่ราคานี้ คืนให้แล้ว,No buy orders at this price. Refunded.
ชิ้น ที่เหลือตั้งออเดอร์ในตลาด,pcs; the rest was placed as a market order
ชิ้น!,pcs!
ตั้งคำสั่ง รับซื้อ ในตลาดเรียบร้อย,Buy order placed on the Market
ตั้งคำสั่ง ขาย ในตลาดเรียบร้อย,Sell order placed on the Market
ท้าดวลไม่ได้: ต้องอยู่แมพเดียวกัน ใกล้กัน และทั้งคู่ยังไม่หมดสติ,"Cannot challenge: both players must be on the same map, nearby, and not knocked out"
กำลังเทรดอยู่ — จบเทรดก่อน,Trade in progress — finish the trade first
เริ่มดวลไม่ได้: อีกฝ่ายอยู่ไกลเกินหรือไม่ว่าง,Cannot start duel: the other player is too far away or busy
— คลิกที่ตัวคู่ดวลเพื่อโจมตี,— click your opponent to attack
รับคำท้า — เริ่มดวล! คลิกที่ตัวคู่ดวลเพื่อโจมตี,accepted — duel started! Click your opponent to attack
ยอมแพ้ — คุณชนะการดวล!,surrendered — you won the duel!
· เควสต่อไป:,· Next quest:
· จบไกด์เควสทั้งหมด สู่การผจญภัยของคุณเอง!,· All guide quests complete. Your own adventure begins!
📬 จดหมายใหม่:,📬 New mail:
· ไอเทม,· Items:
📬 มีจดหมายใหม่รออยู่ในกล่องจดหมาย,📬 New mail is waiting in your mailbox
ชิ้น จากคำสั่งตั้งขายของคุณ ที่ราคา,pcs from your sell order at
Silver — กดรับของด้านล่างเพื่อเก็บเข้ากระเป๋า,Silver — press Claim below to collect it.
ชิ้น ที่ราคา,pcs at
Silver ต่อชิ้น (รวม,Silver each (total
ของกองนี้ยังถูกคุ้มครอง — รออีก,This loot is still protected — wait
บอสประจำแมพ (BOSS),Map Boss (BOSS)
"เช่น Potion, Blue Potion","e.g. Potion, Blue Potion"
"เช่น Jelly, Shard","e.g. Jelly, Shard"
เช่น Monster Card,e.g. Monster Card
"เช่น Sword, Armor","e.g. Sword, Armor"
เมื่อ HP ≤,When HP ≤
ใช้ Blue Potion SP อัตโนมัติ,Use blue SP potions automatically
เมื่อ SP ≤,When SP ≤
เปอร์เซ็นต์ SP สำหรับใช้ยา,SP percent for potion use
ใช้ยาเร่ง ASPD อัตโนมัติ,Use ASPD haste potions automatically
ยาเร่ง ASPD ดื่มเมื่อไม่มีบัฟค้างอยู่ · เลือกขวดที่แรงที่สุดที่เลเวลใช้ได้และมีติดกระเป๋า · ยา HP/SP รอคูลดาวน์ร่วม 0.1 วินาที,Haste potions are drunk when no buff is active · picks the strongest bottle your level allows that you carry · HP/SP potions share a 0.1 second cooldown
จำกัดพื้นที่หาของ/มอนสเตอร์,Limit loot/monster search area
วงบอกขอบเขตจะวาดตอนบอททำงาน · ปิด = หาทั้งแมพ,The range circle is drawn while the bot runs · Off = search the whole map
เปอร์เซ็นต์ HP สำหรับนั่งพัก,HP percent for resting
เปอร์เซ็นต์ SP สำหรับนั่งพัก,SP percent for resting
ลุกเมื่อ HP และ SP ≥,Stand up when HP and SP ≥
คลังเก็บของ · Storage,Storage
คลิก = เลือกจำนวน,Click = pick amount
คลิกเลือกจำนวน · Shift+คลิกทั้งกอง,Click to choose amount · Shift+click for whole stack
เลือกจำนวนที่จะนำออก · Shift+คลิกรายการเพื่อนำออกทั้งกอง,Choose amount to withdraw · Shift+click an entry to withdraw the whole stack
ลด 100,Decrease by 100
ลด 10,Decrease by 10
ลด 1,Minus 1
● อยู่ใกล้เจ้าหน้าที่คลัง,● Near the Storage Keeper
● เข้าใกล้เจ้าหน้าที่คลังเพื่อฝาก–ถอน,● Move closer to the Storage Keeper to deposit/withdraw
มาซื้อของกันไหม? ของดีมีครบ! 🛍,Care to shop? I have all the good stuff! 🛍
ขายของที่ไม่ใช้แล้ว รับราคาดี!,Sell what you no longer need. I pay well!
ยา ลูกธนู อุปกรณ์ หาที่ร้านข้าได้เลย,"Potions, arrows, equipment — find them all at my shop"
Silver ไม่มีแฟลต มาขายของเร็ว!,Silver never goes flat. Come sell your goods!
ของใหม่มาถึงทุกวัน แวะมาดูกัน!,New stock arrives every day. Come take a look!
คลิกที่ข้า แล้วมาซื้อ–ขายกัน!,Click me and let's trade!
พ่อค้า Silver,Silver Merchant
อยากเริ่มต้นใหม่ไหม? สถานะหรือสกิล จัดให้ได้หมด! 🎩,"Want a fresh start? Stats or skills, I can do it all! 🎩"
ผิดพลาดก็แก้ไขได้เสมอ มาคุยกัน!,Mistakes can always be fixed. Let's talk!
เปลี่ยนใจเรื่องบิลด์? เดี๋ยวจัดให้เหมือนใหม่,Changed your mind about your build? I'll make it good as new
"รีเซ็ตครั้งละ 2,500 Silver เท่านั้น ถูกมาก!","Only 2,500 Silver per reset. A bargain!"
คลิกที่ข้า แล้วมารีเซ็ตสถานะหรือสกิลกัน!,Click me to reset your stats or skills!
"ราคาต้องอยู่ระหว่าง 1 ถึง 1,000,000,000 Silver","Price must be between 1 and 1,000,000,000 Silver"
ลดดาเมจกายภาพแบบตัวเลข · +N% คือส่วนลดจากการตีบวกชุดเกราะ (คิดก่อนแล้วถึง DEF ตัวเลข),Flat physical damage reduction · +N% is the reduction from armor Refine (applied before flat DEF)
โอกาสคริติคอล ดาเมจสองเท่า · เลเวลละ +0.1%,"Critical chance, double damage · +0.1% per level"
HP สูงสุด · เลเวลละ +5,Max HP · +5 per level
ความจุ SP · เลเวลละ +1,SP capacity · +1 per level
· กำลังสวมใส่อยู่,· Currently equipped
ตั้งราคาเอง รอคนมาซื้อ,Set your price and wait for a buyer
ตั้งราคาเอง รอคนมาขาย,Set your price and wait for a seller
7 วัน,7 days
4 สัปดาห์,4 weeks
ตลาดกลางซื้อขาย · Market Broker,Market · Market Broker
อุปกรณ์ชิ้นเดียว (,Unique Gear (
ค้นหาไอเทม…,Search items…
คำสั่งของฉัน (,My Orders (
ตั้งราคาเอง แล้วรอคนมาซื้อขาย,Set your own price and wait for a match
(ซื้อได้ทันที),(buy instantly)
(ขายได้ทันที),(sell instantly)
อาวุธและอุปกรณ์เป็นของชิ้นเดียวไม่ซ้ำกัน (ตีบวก การ์ด ค่าสุ่ม) จึงขายแบบตั้งราคาต่อชิ้น · ผู้ซื้อกดซื้อได้ทันที,"Weapons and gear are one-of-a-kind (refine, cards, random stats), so each piece is listed at its own price · Buyers can purchase instantly"
ค้นหาอุปกรณ์บนกระดาน…,Search gear on the board…
เฉลี่ย 24 ชม.,24h avg
เฉลี่ย 7 วัน,7-day avg
เฉลี่ย 4 สัปดาห์,4-week avg
เท่ากับเฉลี่ย 24 ชม.,Equal to 24h avg
เท่ากับเฉลี่ย 7 วัน,Equal to 7-day avg
เท่ากับเฉลี่ย 4 สัปดาห์,Equal to 4-week avg
ต่ำกว่าเฉลี่ย 24 ชม.,below 24h avg
ต่ำกว่าเฉลี่ย 7 วัน,below 7-day avg
ต่ำกว่าเฉลี่ย 4 สัปดาห์,below 4-week avg
สูงกว่าเฉลี่ย 24 ชม.,above 24h avg
สูงกว่าเฉลี่ย 7 วัน,above 7-day avg
สูงกว่าเฉลี่ย 4 สัปดาห์,above 4-week avg
(เฉลี่ย),(avg)
ไอเทมถูกพักไว้ที่ตลาดจนกว่าจะขายได้ ยกเลิกได้ตลอด,Items are held by the market until sold. Cancel anytime.
Silver ถูกพักไว้ที่ตลาดจนกว่าจะซื้อได้ ยกเลิกได้ตลอด,Silver is held by the market until the order fills. Cancel anytime.
อยู่ใกล้นายหน้าตลาด · ซื้อขายได้,Near the Market Broker · Trading available
อยู่นอกระยะ · เข้าใกล้นายหน้าตลาดเพื่อซื้อขาย,Out of range · Move closer to the Market Broker to trade
ราคาเฉลี่ย 24 ชม.,24h avg price
Silver · ซื้อขาย,Silver · Traded
ยังไม่มีการซื้อขายใน 24 ชม.,No trades in the last 24h
· ตั้งขายอยู่,· Listed
ถอดอุปกรณ์ออกจากตัวก่อน จึงจะนำมาตั้งขายได้,Unequip gear before listing it
Trade · กำลังส่งคำขอ,Trade · Sending request
กำลังส่งคำขอเทรด…,Sending trade request…
ชิ้น · เสนออยู่แล้ว,more · Already offered
ส่งคำขอแล้ว · กำลังรอตอบรับ…,Request sent · Waiting for a response…
คุณ ·,You ·
Silver ที่เสนอ,Silver offered
✓ ยืนยันแล้ว,✓ Confirmed
○ ยังไม่ยืนยัน,○ Not confirmed
กำลังอัปเดตข้อเสนอ…,Updating offer…
ตรวจสอบรายการก่อนยืนยัน · เปลี่ยนข้อเสนอแล้วทั้งคู่ต้องยืนยันใหม่,Review the items before confirming · Any change to an offer requires both sides to confirm again
รออีกฝ่าย…,Waiting for partner…
กรอกจำนวนเต็มไม่เกิน Silver ที่มี,Enter a whole number no greater than your Silver
ชม.ที่แล้ว,h ago
กล่องจดหมาย · รับของจากตลาดและระบบ,Mailbox · Collect items from the market and the system
กล่องจดหมาย · Mailbox,Mailbox
ชม.ที่ผ่านมา,h ago
จดหมายเก็บไว้ 30 วัน,Mail is kept for 30 days
จดหมายเก็บไว้ 30 วัน · ฉบับที่ยังมีของแนบจะไม่ถูกลบ,Mail is kept for 30 days · Letters with unclaimed attachments are never deleted
ฉบับ · ยังไม่อ่าน,letters · Unread
· รอรับของ,· Unclaimed
อันดับประจำวัน · 10 อันดับแรกของเซิร์ฟเวอร์,Daily Ranking · Server top 10
อันดับ EXP ประจำวัน · 10 คนที่ได้ EXP มากที่สุดเมื่อวาน,Daily EXP Ranking · Top 10 EXP earners yesterday
อันดับ EXP,EXP Ranking
ของเมื่อวาน · 10 อันดับแรก,Yesterday · Top 10
เมื่อวานยังไม่มีใครได้ EXP · กระดานแรกขึ้นหลัง 00:00 น.,No EXP recorded for yesterday yet · the first board appears after 00:00
เมื่อวานคุณไม่ได้ EXP,You earned no EXP yesterday
อัปเดต 00:00 น.,Updates at 00:00
10 อันดับแรก,Top 10
อันดับของคุณ:,Your rank:
อัปเดตรายวัน เวลา 00:00 น.,Updated daily at 00:00
ชื่อจางคือบัญชี:,Faded names are accounts of type:
คำขอเลือกตัวละครหมดอายุ กรุณาล็อกอินใหม่,Character selection request expired. Please log in again.
คำขอเลือกตัวละครนี้ไม่ใช่ของบัญชีนี้ กรุณาล็อกอินใหม่,This character selection request does not belong to this account. Please log in again.
(ยังไม่มีตัวละคร),(No character yet)
เลือก guest หรือ google,Choose guest or google
สร้าง Guest หลายครั้งแล้ว กรุณาลองใหม่ภายหลัง,Too many Guest accounts created. Please try again later.
ตั้งชื่อได้เพียงครั้งเดียว ไม่สามารถเปลี่ยนชื่อได้,A name can only be set once and cannot be changed.
ลบได้เฉพาะบัญชี Guest ที่ยังไม่ได้ผูก Google,Only Guest accounts not linked to Google can be deleted.
กรุณายืนยันการลบบัญชี Guest,Please confirm Guest account deletion.
ตลาดกลางแลกเปลี่ยนไอเทม Bid/Ask เปิดให้บริการแล้ว! ⚖️,The Bid/Ask item Market is now open! ⚖️
ตั้งรับซื้อ (Bid) หรือตั้งขาย (Ask) ด้วย Silver ได้ที่นี่!,Place Buy Orders (Bid) or Sell Orders (Ask) with Silver right here!
จับคู่ราคาดีที่สุดให้อัตโนมัติ ปลอดภัยทุกคำสั่งซื้อขาย,Best prices matched automatically. Every order is safe.
อยากได้ของถูก หรือขายของไว ลองเข้ามาเช็คราคาตลาดดูสิ!,Want a bargain or a quick sale? Come check the market prices!
คลิกที่ข้า เพื่อเปิดกระดานซื้อขายตลาดกลาง!,Click me to open the Market board!
นายหน้าตลาด (Market),Market Broker
Blue Potion ฟื้น SP,Blue Potion (SP)
ขยายแผนที่ย่อ (N),Expand minimap (N)
ย่อแผนที่ย่อ (N),Shrink minimap (N)
เพิ่ม ATK (อาวุธประชิด),Increases ATK (melee weapons)
"เพิ่ม Hit, ATK (ธนู) และลดเวลาร่าย","Increases Hit, ATK (bows) and reduces cast time"
(หักภาษี 8%),(after 8% tax)
Silver ไม่พอจ่ายค่าธรรมเนียมตั้งขาย,Not enough Silver for the listing fee:
ค่าธรรมเนียมตั้งขาย 2.5% =,2.5% listing fee =
Silver (จ่ายทันที) · ภาษีเมื่อขายได้ 8% =,Silver (paid now) · 8% sales tax when sold =
ต้องมี Silver อย่างน้อย,You need at least
สำหรับค่าธรรมเนียมตั้งขาย 2.5%,Silver for the 2.5% listing fee
· ค่าธรรมเนียม 2.5% =,· 2.5% listing fee =
หักภาษีการขาย 8% =,Less 8% sales tax =
เข้าสนาม PVP,Enter PVP Arena
เข้าแล้วโจมตีผู้เล่นอื่นได้ทันที ไม่ต้องรับคำท้า,"Attack other players immediately on entry, without duel invitations"
ปาร์ตี้เดียวกันโจมตีกันไม่ได้ รวมสกิลหมู่และพิษ,"Party members cannot damage each other, including area skills and poison"
ดาเมจ PVP เหลือ 2% ของดาเมจปกติ,PVP damage is 2% of normal damage
ล้ม 10 วินาที แล้วลุกด้วย HP 25% ไม่เสีย EXP หรือไอเท็ม,"Knocked down for 10 seconds, then stand with 25% HP. No EXP or item loss"
ผู้เล่นในสนาม · รวมทุกช่องในภูมิภาคนี้,Players in the arena · All channels in this region
จำนวนคนอาจเปลี่ยนก่อนเข้า ระบบจะเลือกช่องให้ตามปาร์ตี้และความหนาแน่น,Counts may change before entry. Your party and channel population determine your channel.
กำลังโหลดจำนวนผู้เล่น…,Loading player count…
โหลดจำนวนคนไม่สำเร็จ กรุณาลองใหม่,Could not load player count. Please retry.
PVP · ปาร์ตี้เดียวกันโจมตีกันไม่ได้,PVP · Party members cannot attack each other
สนามต่อสู้อิสระ เข้าแล้วคลิกผู้เล่นเพื่อโจมตีได้ทันที สมาชิกปาร์ตี้เดียวกันโจมตีกันไม่ได้ ล้มแล้วลุกใน 10 วินาทีโดยไม่เสีย EXP หรือไอเท็ม,An open PVP arena. Click another player to fight immediately. Party members cannot damage each other. Stand up after 10 seconds without losing EXP or items.
รวมทีมให้พร้อม แล้วเข้าสู่สนาม,Gather your party and enter the arena
ซ้อมให้คล่อง ก่อนออกไปเจอของจริง,"Practise until it flows, then face the real thing."
PVP อิสระ · คลิกผู้เล่นเพื่อสู้ · ปาร์ตี้เดียวกันโจมตีกันไม่ได้,Open PVP · Click a player to fight · No friendly fire
สนาม PVP · เข้าแล้วสู้ได้ทันที,PVP Arena · Fight immediately on entry
หมดสติในสนาม PVP — ลุกขึ้นใน 10 วินาที ไม่เสีย EXP หรือไอเท็ม,Knocked out in PVP — stand up in 10 seconds without losing EXP or items
สนามนี้ต่อสู้ได้ทันที ไม่ต้องท้าดวล,Fight immediately in this arena — no duel invitation needed
อุปกรณ์ระบุชื่อ ค่าสถานะคงที่,Named equipment with fixed stats
อุปกรณ์ระบุชื่อ · ค่าสถานะคงที่,Named equipment · Fixed stats
Item Gallery · สมุดไอเทม,Item Gallery
ชื่อไอเทม…,Item name…
ชื่อ A–Z,Name A–Z
ราคาขาย มาก → น้อย,Sell price high → low
น้ำหนัก น้อย → มาก,Weight low → high
Silver · พ่อค้าที่แคมป์,Silver · Camp merchant
ไม่ได้ · 1 ชิ้นต่อช่อง,No · 1 item per slot
ได้ · 1 ช่องต่อชนิด,Yes · 1 slot per type
1 ช่อง,1 slot
ได้ สูงสุด +,Yes · max +
"I–V ตามเลเวลมอนที่ดรอป (1–20 = I, 21–40 = II, 41–60 = III, 61–80 = IV, 81+ = V) — ค่าหลักคูณตามขั้น","I–V by the level of the monster that drops it (1–20 = I, 21–40 = II, 41–60 = III, 61–80 = IV, 81+ = V) — main stat is multiplied by tier"
ฝังในอุปกรณ์ที่มีช่องว่าง · ถอดคืนไม่ได้,Socket into equipment with an empty slot · Cannot be removed
(เพิ่มตาม INT),(scales with INT)
ยังไม่ตาย · HP ไม่เต็ม,Alive · HP not full
ปุ่ม H ใช้ยาเล็กสุดก่อน,The H key uses the smallest potion first
กระสุนธนู · ตีปกติใช้ 1 กี่/นัด · สกิลไม่หักแต่ต้องมีติดตัวอย่างน้อย 1 กี่,Bow ammo · normal attacks use 1 per shot · skills use none but need at least 1 carried
ของในหีบ (,Box contents (
โอกาส/หีบ,Chance/box
ทุกชิ้นได้ค่าหลักตามตำแหน่ง แล้วสุ่ม STR/AGI/VIT/INT/DEX/LUK +1–3 จำนวน 1 ค่า (หรือ 2 ค่าที่,"Every piece gets the main stat of its slot, then rolls +1–3 on 1 of STR/AGI/VIT/INT/DEX/LUK (or 2 stats at"
) · ราคาขายเพิ่ม 5 Silver ต่อแต้มโบนัส,) · sell price +5 Silver per bonus point
มอนสเตอร์ที่ดรอป (,Dropped by (
โอกาส/ตัว,Chance/kill
ไม่มีมอนสเตอร์ดรอป · ซื้อได้ที่พ่อค้า Silver ข้างจุดเกิด Blood Moon Forest,No monster drops this · Sold by the Silver Merchant next to the Blood Moon Forest spawn
ขายให้พ่อค้า Silver ได้ · เทรดกับผู้เล่นอื่นได้ · ของบนพื้นหายภายใน 30 วินาที,Can be sold to the Silver Merchant · Tradable with other players · Items on the ground vanish after 30 seconds
เพิ่มอุปกรณ์ที่ไม่ได้สวม · ข้ามชิ้นที่ตีบวกหรือฝังการ์ดแล้ว,Add unequipped gear · skips refined or socketed pieces
คลิกเพิ่ม 1 · Shift+คลิก ทั้งกอง,Click to add 1 · Shift+click for the whole stack
คลิกเพิ่ม 1 · Shift+คลิก ทั้งกอง · ลากได้,Click to add 1 · Shift+click for the whole stack · Draggable
ร้านค้า · พ่อค้า Silver,Shop · Silver Merchant
% (ฐาน,% (base
% · ขายแพงขึ้น +,% · sells for +
Silver (ฐาน,Silver (base
% · ประหยัด,% · saved
Silver (ราคาปกติ,Silver (normal price
กำลังซื้อ…,Buying…
· ช่อง,· Slots
● อยู่ใกล้พ่อค้า,● Near the merchant
● พร้อมซื้อ–ขาย,● Ready to trade
● เข้าใกล้พ่อค้าเพื่อซื้อ–ขาย,● Move closer to the merchant to trade
ป่าเริ่มต้น · Lv.1–20 · บอส Lv.35,Starter forest · Lv.1–20 · Boss Lv.35
เมืองโบราณ · ลานฟอรัมและน้ำพุ,Ancient city · Forum plaza and fountain
ซากลานจันทร์ · Prism Hopper และ Hollow,Moon ruins · Prism Hopper and Hollow
วิหารกลางป่า · Prism Hopper และ Hollow,Forest sanctuary · Prism Hopper and Hollow
ทะเลทราย · Lv.50–70,Desert · Lv.50–70
หนองน้ำ · Lv.75–95,Swamp · Lv.75–95
ป่าลึก · Lv.100–120,Deep forest · Lv.100–120
ทะเลทรายหินแดง · Lv.125–145,Red-rock desert · Lv.125–145
ธารน้ำแข็ง · Lv.150–170,Glacier · Lv.150–170
อ่าวปริซึม · เกาะลี้ลับกลางสมุทร,Prism bay · Hidden island in the open sea
เมือง Aurelia ↑,Aurelia Forum ↑
เมือง Aurelia ↓,Aurelia Forum ↓
เมือง Aurelia →,Aurelia Forum →
← เมือง Aurelia,← Aurelia Forum
← ป่าลึก Lv.100–120,← Elderwood Forest Lv.100–120
ป่าลึก Lv.100–120 ↓,Elderwood Forest Lv.100–120 ↓
ทะเลทรายหินแดง Lv.125–145 →,Crimson Dunes Lv.125–145 →
ทะเลทรายหินแดง Lv.125–145 ↓,Crimson Dunes Lv.125–145 ↓
ป่าเริ่มต้น Lv.1–20 ↓,Verdant Forest Lv.1–20 ↓
ป่าเริ่มต้น Lv.1–20 →,Verdant Forest Lv.1–20 →
← ป่าเริ่มต้น Lv.1–20,← Verdant Forest Lv.1–20
ทะเลทราย Lv.50–70 →,Sunscar Desert Lv.50–70 →
ทะเลทราย Lv.50–70 ↑,Sunscar Desert Lv.50–70 ↑
ทะเลทราย Lv.50–70 ↓,Sunscar Desert Lv.50–70 ↓
หนองน้ำ Lv.75–95 ←,Mirewillow Marsh Lv.75–95 ←
← หนองน้ำ Lv.75–95,← Mirewillow Marsh Lv.75–95
หนองน้ำ Lv.75–95 ↑,Mirewillow Marsh Lv.75–95 ↑
ธารน้ำแข็ง Lv.150–170 →,Frostfang Glacier Lv.150–170 →
ธารน้ำแข็ง Lv.150–170 ↑,Frostfang Glacier Lv.150–170 ↑
← นั่งเรือกลับป่าเริ่มต้น,← Sail back to Verdant Forest
ฟันเป้าหมายเดียว 250% ATK · ระยะ 64 · คูลดาวน์เท่าความเร็วโจมตี (ASPD),Single-target strike 250% ATK · Range 64 · Cooldown equals attack speed (ASPD)
ระเบิดรอบตัว 180% ATK · รัศมี 96 · คูลดาวน์ 1 วินาที,Area blast 180% ATK · Radius 96 · Cooldown 1 second
ลดดาเมจที่ได้รับ นาน 15 วินาที เท่ากับคูลดาวน์,"Reduces damage taken for 15 seconds, equal to its cooldown"
พาสซีฟ · ATK เพิ่มเท่ากับ 1% ของ HP สูงสุด ต่อระดับ (สูงสุด 10%) · ฟื้น HP ธรรมชาติเร็วขึ้น 10% และยาฟื้น HP แรงขึ้นอีก 10% ต่อระดับ · ฟื้น SP เพิ่มอีก 1 จุดทุก 2 ระดับ,Passive · ATK +1% of MaxHP per rank (up to 10%) · natural HP recovery +10% and HP potions +10% stronger per rank · SP recovery +1 per two ranks
พาสซีฟ · โอกาสโจมตีสองครั้ง 5% ต่อระดับ (อาวุธประชิด) · Hit +1 ต่อระดับ,Passive · 5% double-hit chance per rank (melee) · Hit +1 per rank
ต้องการ Job Lv.,Requires Job Lv.
SP ไม่พอ,Not enough SP
· ตอนนี้ระดับ,· Current rank
ฮิต · ร่าย,hits · Cast
วินาที (DEX ลดได้) · ระยะ,seconds (reduced by DEX) · Range
% MATK · ร่าย 0.8 วินาที · ระยะ,% MATK · Cast 0.8 seconds · Range
ดาเมจ +,Damage +
ฟื้น HP ตัวเอง,Restore own HP
· ระยะ,· Range
แพ้ทาง (โดนแรงขึ้น),Weak to (takes more)
ต้านทาน (โดนเบาลง),Resists (takes less)
เวลาเคลือบธาตุเต็มเพดาน 5 ชั่วโมงแล้ว,Coating time is already at the 5-hour cap
ใช้ของดรอปจากมอนสเตอร์ธาตุเดียวกัน ,Trade 
 ชิ้น (ผสมกันได้) แลกใบเคลือบ 1 ใบ, monster drops of one element (any mix) for 1 coating scroll
ของดรอปธาตุนี้ไม่พอ ต้องใช้ ,Not enough drops of this element — you need 
แลกได้จากของดรอปมอนสเตอร์ธาตุเดียวกัน ที่หน้าต่างเควส,trade monster drops of the same element for it in the Quest window
พรของเทพเจ้าเคลือบคมอาวุธ ทุกการโจมตีแฝงพลังธาตุ,A god's blessing coats the blade; every strike carries the element
พรของเทพเจ้าเคลือบชุดเกราะ ร่างกายกลายเป็นธาตุเดียวกัน,A god's blessing coats the armor; the body takes on the same element
เสีย HP 1.5% ทุก 2 วินาที,Lose 1.5% HP every 2 seconds
เดินและโจมตีช้าลง 35%,Move and attack 35% slower
ได้รับดาเมจ +20%,Damage taken +20%
STR/AGI/INT/DEX เพิ่มขึ้นชั่วคราว,STR/AGI/INT/DEX temporarily increased
โจมตีเร็วขึ้นชั่วคราว (ยา ASPD +10% ถึง +20%),Attack speed temporarily increased (ASPD potion +10% to +20%)
ดาเมจที่ทำ +,Damage dealt +
ได้รับดาเมจ +,Damage taken +
ได้รับดาเมจ −,Damage taken −
ความเร็วเดิน −,Move speed −
% ทุก,% every
(ชิ้นนี้),(this item)
· ยังไม่ได้สวมใส่,· Nothing equipped
ชิ้น · รวมสวมใส่,items · incl. equipped
คำท้าดวล PVP,PVP duel challenge
ท้าดวล PVP,PVP Duel
โหลดนานผิดปกติ — อาจติดขัดที่หน้ายืนยันของ Google หรือเครือข่าย ลองออกจากระบบแล้วเข้าใหม่,Loading is taking unusually long — it may be stuck on Google verification or the network. Try signing out and back in.
โหลดเกมไม่สำเร็จ กรุณาลองโหลดใหม่,Failed to load the game. Please reload.
ต้องใช้ Silver,Requires Silver
ฝังอุปกรณ์: ATK +10 · LUK +3 · การ์ดบอสที่หายากที่สุด,Equipment bonus: ATK +10 · LUK +3 · The rarest boss card
 Silver (ตลาด Gold ไม่หักภาษี), Silver (the Gold Exchange takes no tax)
 เข้ากระเป๋าโดยตรงแล้ว จดหมายนี้เป็นหลักฐานรายการ ไม่มีเงินแนบให้รับซ้ำ, was credited directly to your bag. This receipt has no attached currency to claim again.
รหัสคำสั่งคู่ค้า:,Counterparty order ID:
รหัสคำสั่ง:,Order ID:
เลือกใช้ตอนตีบวกตั้งแต่ +4 → +5 · หัก 1 ก้อนเฉพาะเมื่อตีบวกล้มเหลว สำเร็จไม่เสียหิน · เมื่อล้มเหลวจะรักษาอุปกรณ์ การ์ด และระดับเดิม,"Select for refinement from +4 to +5 onward · Consumes one stone only when refinement fails; success keeps the stone · Failure preserves equipment, cards and refinement level"
ตั้งแต่ +5 ถ้าล้มเหลว ไอเทมและการ์ดที่ใส่จะหาย,"From +5, failure destroys the item and its cards"
ใช้ตีบวก 1 ครั้ง,One refinement attempt
จะตีต่อโดยไม่กันแตกไหม?,Continue refining without protection?
ใช้ Protection Stone กันแตกในการตีบวกครั้งนี้,Use a Protection Stone for this refinement
หัก 1 ก้อนเมื่อตีบวกล้มเหลวเท่านั้น · สำเร็จไม่เสียหินกันแตก,Consumes one stone only on failure · Successful refinement keeps the Protection Stone
 เว้นแต่เลือกใช้ Protection Stone, unless a Protection Stone is selected
 ก้อน, stones
ตีบวกล้มเหลว แต่ Protection Stone ป้องกันอุปกรณ์และการ์ดไว้ได้,"Refining failed, but the Protection Stone saved the equipment and its card"
Protection Stone ไม่เพียงพอ — ซื้อได้ที่ Item Mall,Not enough Protection Stones — buy one in the Item Mall
 เข้ากล่องจดหมายแล้ว · เคลียร์กระเป๋าแล้วกดรับของ," sent to your mailbox · Make room in your bag, then claim it"
 คืนเข้ากระเป๋าแล้ว, returned to your bag
 · ส่งอุปกรณ์เข้ากล่องจดหมายแล้ว, · Equipment sent to your mailbox
รับอุปกรณ์จากตลาด: ,Equipment from the market: 
อุปกรณ์เข้ากระเป๋าไม่ได้ (กระเป๋าเต็ม น้ำหนักเกิน หรือออกจากเกมระหว่างทำรายการ),"Equipment could not enter your bag (bag full, overweight, or disconnected during the transaction)"
แนบ ,Attached 
 มากับจดหมายนี้แล้ว เคลียร์กระเป๋าแล้วกดรับของ," to this letter. Make room in your bag, then claim it"
ผูกบัญชีได้ครั้งเดียว หากผูกแล้วให้เข้าสู่ระบบด้วย Google เดิม หรือเซสชัน Guest อาจหมดอายุ,"Accounts can only be linked once. If already linked, sign in with the original Google account. Your Guest session may also have expired."
· หลุด #,· Disconnect #
ตัวละครเปิดอยู่อีกแท็บ · คลิกเพื่อกลับเข้าเกม,Character is open in another tab · Click to rejoin
หยุดเล่นนานเกินไป · คลิกเพื่อกลับเข้าเกม,Idle for too long · Click to rejoin
กรุณาตั้งชื่อตัวละครก่อนเข้าเกม · คลิกเพื่อตั้งชื่อ,Please name your character before entering · Click to set a name
· snapshot ล่าสุด,· last snapshot
s ที่แล้ว,s ago
· หลุดแล้ว,· Disconnected
ยินดีต้อนรับ นักผจญภัย,"Welcome, Adventurer"
เริ่มเล่นเป็น Guest แล้วผูกบัญชี Google ภายหลังได้,Start as a Guest and link a Google account later
ตัวละคร เลเวล และไอเทมจะอยู่ครบ,"Your character, levels and items are all kept"
เข้าร่วม Discord ของเรา,Join our Discord
ส่ง feedback · เสนอไอเดีย · ร่วมพัฒนาเกมไปด้วยกัน,Send feedback · Share ideas · Help shape the game
เล่นแบบ Guest ได้ทันที หรือสร้างบัญชีภายหลังได้,"Play as a Guest right away, or create an account later"
ตัวละคร และข้อมูลของคุณจะถูกบันทึกอย่างปลอดภัย,Your character and your data are saved safely
พูดคุย แบ่งปัน และร่วมผจญภัยไปด้วยกัน,"Chat, share, and adventure together"
Google นี้มีตัวละครแล้ว หรือเซสชัน Guest หมดอายุ กรุณาใช้ Google อื่น — เซฟเดิมยังอยู่,"This Google account already has a character, or the Guest session expired. Please use another Google account — your save is intact."
กำลังเชื่อมต่อโลกออนไลน์…,Connecting to the online world…
กำลังเตรียมตัวละคร… การเข้าเกมครั้งแรกอาจใช้เวลาสักครู่ กรุณาอย่ารีเฟรช,"Preparing your character… the first login can take a moment, please don’t refresh"
ยังไม่มีข้อผิดพลาดจาก websocket,No websocket errors yet
เชื่อมต่อโลกออนไลน์ไม่สำเร็จ (,Failed to connect to the online world (
) — ลองรีเฟรช ออกจากระบบ หรือเล่น Offline ชั่วคราว,") — try refreshing, signing out, or playing Offline for now"
พบตัวละคร 2 ตัวในบัญชี,2 characters found on this account
คุณมีทั้งบัญชี Guest และ Google ที่มีตัวละครอยู่ · เลือกตัวที่จะเก็บไว้ อีกตัวจะถูกลบถาวร,Both your Guest and Google accounts have a character · Choose one to keep; the other will be permanently deleted
⚠ การเลือกแล้วไม่สามารถย้อนกลับได้,⚠ This choice cannot be undone
กำลังดำเนินการ…,Processing…
ยืนยัน: เก็บ,Confirm: keep
) และลบ,) and delete
) ถาวร,) permanently
ลบบัญชี Guest,Delete Guest account
ลบบัญชี Guest ถาวร,Permanently delete Guest account
ตัวละคร เลเวล ไอเท็ม และ Silver ของบัญชีนี้จะถูกลบและกู้คืนไม่ได้ หากต้องการเก็บตัวละคร ให้ผูกบัญชี Google แทน,"This account's character, levels, items and Silver will be deleted and cannot be recovered. To keep the character, link a Google account instead."
พิมพ์ “ลบ” เพื่อยืนยัน,Type “delete” to confirm
พิมพ์ ลบ เพื่อยืนยัน,Type delete to confirm
กำลังลบบัญชี…,Deleting account…
เซิร์ฟเวอร์ตอบช้า กรุณารีเฟรชเพื่อตรวจสถานะบัญชี,The server is taking too long. Please refresh to check your account status.
เชื่อมต่อไม่ได้ กรุณาลองใหม่,Unable to connect. Please try again.
⚠ แชทยังเชื่อมต่อไม่ได้ — ข้อความถูกเก็บไว้และจะส่งอัตโนมัติเมื่อกลับมา,⚠ Chat is not connected yet — your message is saved and will be sent automatically on reconnect
Monster Gallery · มอนสเตอร์,Monster Gallery · Monsters
Monster Gallery · สมุดมอนสเตอร์,Monster Gallery · Bestiary
ชื่อมอนสเตอร์…,Monster name…
Level น้อย → มาก,Level low → high
HP น้อย → มาก,HP low → high
EXP มาก → น้อย,EXP high → low
EXP / HP มาก → น้อย,EXP / HP high → low
Job EXP พื้นฐาน,Base Job EXP
"เป็นบอสพิเศษ Lv.100 · HP, ATK และ EXP เพิ่มตามเลเวล · ความเสียหายจริงขึ้นกับ DEF/MDEF, FLEE และสกิลของผู้เล่น","is a special Lv.100 boss · HP, ATK and EXP scale with level · Actual damage depends on the player's DEF/MDEF, FLEE and skills"
เดินสุ่มรอบจุดเกิด โจมตีกลับเมื่อถูกโจมตี · ลากไปไกลๆ ได้จนถึงจุดที่มันเลิกไล่ แล้วมันจะอยู่ที่เดิม HP ไม่ฟื้น ·,"Wanders around its spawn point and fights back when attacked · Can be pulled far until it stops chasing, then stays there without recovering HP ·"
ตายแล้วเกิดใหม่ที่จุดเกิดมอนจุดใดจุดหนึ่งในแมพ สุ่มใหม่ทุกครั้ง,Respawns at a random monster spawn point on the map each time
ของดรอปต่อการฆ่า 1 ตัว,Drops per kill
· ได้สูงสุด 1 ชิ้นจากกลุ่มอุปกรณ์ ·,· at most 1 item from the equipment group ·
(การ์ดบอส),(Boss Card)
· ไม่ดรอป Silver โดยตรง,· Does not drop Silver directly
ดาบ ATK +2–6 · กระสุน ATK +1–3 · Ruby Ring Critical +1–3 · Sapphire Ring MATK +1–3 และ SP +5/+10/+15 · ศีรษะกลาง/ล่าง MDEF +1–3 · ช่องอื่น DEF +1–3,Sword ATK +2–6 · Ammo ATK +1–3 · Ruby Ring Critical +1–3 · Sapphire Ring MATK +1–3 and SP +5/+10/+15 · Middle/Lower head MDEF +1–3 · Other slots DEF +1–3
เพิ่ม STR/AGI/VIT/INT/DEX/LUK แบบไม่ซ้ำ ค่า +1–3: ได้ 1 ค่าที่ 75% หรือ 2 ค่าที่ 25% · อุปกรณ์เริ่มต้นไม่มีการ์ดและยังไม่ตีบวก,Adds non-repeating STR/AGI/VIT/INT/DEX/LUK of +1–3: 1 stat at 75% or 2 stats at 25% · Dropped equipment starts with no card and no refine
ตำแหน่งเกิดทั้งหมด (,All spawn positions (
ของบนพื้นหายภายใน 30 วินาที · ผู้เล่นทุกคนเก็บได้ทันที,Ground items vanish after 30 seconds · Any player can pick them up immediately
พิมพ์ข้อความ...,Type a message...
ตัวอักษรเล็กลง (ตอนนี้,Smaller text (now
ตัวอักษรใหญ่ขึ้น (ตอนนี้,Larger text (now
ยังไม่ได้รับ EXP,No EXP gained yet
Red Potion ฟื้น HP,Red Potion (HP)
Orange Potion ฟื้น HP,Orange Potion (HP)
Yellow Potion ฟื้น HP,Yellow Potion (HP)
White Potion ฟื้น HP,White Potion (HP)
ฟื้น SP 60% ของ SP สูงสุด · ใช้คูลดาวน์ยาร่วมกัน,Restores 60% of max SP · Shares the potion cooldown
ASPD +10% นาน 30 นาที (คูณช่อง delay ตามสูตรความเร็วโจมตี · ยิ่ง ASPD สูง ได้แต้มน้อยลง) · ใช้ได้ทุกเลเวล,ASPD +10% for 30 minutes (multiplies attack delay per the attack-speed formula · less gain at higher ASPD) · Usable at any level
ASPD +15% นาน 30 นาที · ต้องมี Base Lv.40 ขึ้นไป,ASPD +15% for 30 minutes · Requires Base Lv.40 or higher
ASPD +20% นาน 30 นาที · ต้องมี Base Lv.85 ขึ้นไป,ASPD +20% for 30 minutes · Requires Base Lv.85 or higher
วาร์ปกลับเมือง Aurelia Forum (ลานน้ำพุที่มี NPC ครบ),"Warps back to town, Aurelia Forum (the fountain plaza with every NPC)"
เปิดเพื่อสุ่มรับไอเท็มหรืออุปกรณ์ · ดรอปจากมอนสเตอร์ 1%,Open for a random item or equipment · 1% drop from monsters
วัตถุดิบจากมอนสเตอร์ · น้ำหนัก 2,Monster material · Weight 2
กระสุนธนู · โจมตีปกติใช้ 1 กี่ · สกิลไม่หัก แต่ต้องมีติดตัว 1 กี่ · ซื้อที่พ่อค้า,Bow ammo · Normal attacks use 1 · Skills use none but require at least 1 carried · Sold by the Merchant
FIELD NOTES / จบแล้ว,FIELD NOTES / COMPLETE
ทำครบแล้ว — กดรับรางวัลเพื่อไปยังเควสถัดไป,Complete — claim the reward to move on to the next quest
ทำตามเป้าหมายด้านล่างให้ครบ แล้วกลับมารับรางวัลที่นี่,"Finish the objective below, then claim your reward here"
เส้นทางต่อจากนี้เป็นของคุณ — ออกล่า เก็บของ และเติบโตตามใจ,"The road ahead is yours — hunt, loot and grow as you please"
ภารกิจการออกล่าสำเร็จอย่างสมบูรณ์!,The hunt is a complete success!
ล่าสุด:,Latest:
เริ่มจากแท็บ “กำลังทำ” ได้เลย,Start from the “In progress” tab
สู่การผจญภัยของคุณเอง!,On to your own adventure!
ใช้ยา HP,Use HP potions
บรรลุ Base Level,Reach Base Level
— เกมนี้ยังอยู่ในช่วงพัฒนา อาจพบบัค ข้อผิดพลาด และการปรับปรุงที่เปลี่ยนข้อมูลตัวละครโดยไม่แจ้งล่วงหน้า,"— This game is still in development. Expect bugs, errors, and updates that may change character data without notice"
กำลังโหลดเกม…,Loading game…
เข้าร่วม Discord · ส่ง feedback เสนอไอเดีย หรือร่วมพัฒนาเกม,"Join Discord · Send feedback, share ideas, or help develop the game"
ร่วมพัฒนาเกมกับเรา ·,Help us build the game ·
เปิดหน้าต่างข้อมูลเกม / Wiki · ฐานข้อมูลมอนสเตอร์ ไอเทม สกิล แผนที่,"Open the game info window / Wiki · database of monsters, items, skills, maps"
ลากไปยัง Shortcut เพื่อดูจำนวนลูกธนูคงเหลือ,Drag to a Shortcut to see remaining arrows
ใช้ยา HP · Q,Use HP potion · Q
 ชิ้น · รวมสวมใส่, items · incl. equipped
ชนิด ·,types ·
ตาราง EXP,EXP Table
ตาราง EXP · แต่ละเลเวลต้องใช้เท่าไร,EXP Table · EXP needed for each level
ตาราง EXP · Base Level,EXP Table · Base Level
ปิดตาราง EXP,Close EXP Table
EXP ที่ต้องใช้เพื่อขึ้นเลเวลถัดไป · เลเวลสูงสุด,EXP needed to reach the next level · Max level
จำนวน Silver ไม่ถูกต้อง,Invalid Silver amount
EXP/Drop +2% ต่อสมาชิกในแผนที่เดียวกัน,EXP/Drop +2% per member on the same map
เข้าร่วมปาร์ตี้แล้ว — สมาชิก ,Joined the party — members 
ปาร์ตี้: เปิดแบ่งของ — สมาชิกเก็บของของกันและกันได้,Party: loot sharing ON — members can pick up each other's drops
ปาร์ตี้: ปิดแบ่งของ — ของเป็นของคนที่ตีได้,Party: loot sharing OFF — drops belong to whoever earned them
อยู่แผนที่อื่น / ออฟไลน์,Other map / offline
ย่อ/ขยายปาร์ตี้,Collapse/expand party
คนที่ขอเข้าปาร์ตี้จะเข้าได้ทันที ไม่ต้องกดรับ,"Anyone who asks to join gets in at once, no confirmation needed"
ปาร์ตี้: เปิดรับสมาชิกอัตโนมัติ — คนที่ขอเข้าปาร์ตี้จะเข้าได้ทันที,Party: auto-accept ON — join requests are let in at once
ปาร์ตี้: ปิดรับสมาชิกอัตโนมัติ — หัวหน้าต้องกดรับเอง,Party: auto-accept OFF — the leader approves each request
รับสมาชิกอัตโนมัติ: เปิด,Auto-accept: ON
ออกล่าร่วมกัน · EXP/Drop +2% ต่อสมาชิก สูงสุด 12 คน · เห็นกันในแผนที่ย่อ,"Hunt together · EXP/Drop +2% per member, up to 12 · see each other on the minimap"
ชวนเข้าปาร์ตี้ไม่ได้: ผู้เล่นต้องอยู่แผนที่เดียวกัน,Cannot invite: the player must be on the same map
ปาร์ตี้เต็มแล้ว (สูงสุด 12 คน),The party is full (max 12)
ติดต่อระบบปาร์ตี้ไม่ได้ กรุณาลองใหม่,Could not reach the party service. Please try again
ลากเพื่อย้ายกล่องแชท · ดับเบิลคลิกเพื่อกลับตำแหน่งเดิม,Drag to move the chat box · double-click to reset its position
ปาร์ตี้ · ชวนเพื่อนด้วยชื่อ ดูสมาชิก ตั้งค่าแบ่งของ,"Party · invite friends by name, see members, set loot sharing"
พิมพ์ชื่อผู้เล่น...,Type a player name...
ชวนเพื่อนมาผจญภัยไปด้วยกัน !,Bring your friends along on the adventure!
ชวนเพื่อนกันเถอะ!,Invite your friends!
EXP/Drop +2% ต่อสมาชิกในแผนที่เดียวกัน (สูงสุด 12 คน),EXP/Drop +2% per member on the same map (max 12)
ยังไม่มีผู้เล่นอื่นในแผนที่นี้ — พิมพ์ชื่อเพื่อนด้านบนเพื่อชวนข้ามแผนที่,No other players on this map — type a friend's name above to invite across maps
ไม่พบผู้เล่นชื่อนี้ในแผนที่ — กดชวนเพื่อส่งคำชวนข้ามแผนที่,No one by that name on this map — press Invite to send it across maps
กำลังส่งคำชวน…,Sending invitation…
ยังไม่มีปาร์ตี้ — พิมพ์ชื่อเพื่อนด้านบนเพื่อเริ่มปาร์ตี้,No party yet — type a friend's name above to start one
สูงสุด 12 คน,up to 12
ส่งคำชวนเร็วเกินไป กรุณารอสักครู่,Inviting too fast. Please wait a moment
ไม่พบผู้เล่นชื่อนี้ หรือผู้เล่นไม่ได้ออนไลน์,"No player with that name, or they are offline"
คลิกเพื่อ @ กล่าวถึงผู้เล่นคนนี้,Click to @mention this player
แชทปาร์ตี้ — เห็นเฉพาะสมาชิกในปาร์ตี้,Party chat — only party members can see it
พิมพ์ถึงปาร์ตี้...,Message your party...
แชทกิล — เห็นเฉพาะสมาชิกในกิล,Guild chat — visible only to guild members
พิมพ์คุยกับกิล...,Message your guild...
ลากเพื่อปรับความกว้างแชท · ดับเบิลคลิกเพื่อกลับขนาดเดิม,Drag to change the chat width · double-click to reset
คุณไม่ได้อยู่ในปาร์ตี้ — ข้อความปาร์ตี้ไม่ถูกส่ง,You are not in a party — the party message was not sent
คุณยังไม่มีกิล — ข้อความกิลไม่ถูกส่ง,You are not in a guild — the guild message was not sent
ส่งข้อความกิลไม่ได้ กรุณาลองใหม่,Could not send the guild message. Try again
ค้นหาไอเทม...,Search items...
เรียง: ล่าสุด,Sort: Latest
เรียง: ตามชื่อ,Sort: By name
เรียง: ตามจำนวน,Sort: By amount
เรียง: ตามราคาขาย,Sort: By sell price
ล็อกกระเป๋า · กันทิ้งของโดยไม่ตั้งใจ,Lock inventory · prevents dropping items by accident
“แม้บาดแผลจะลึก ก็ยังมีโอกาสลุกขึ้นได้เสมอ”,"“However deep the wound, there is always a chance to rise again.”"
“ของชิ้นเล็กในวันนี้ คืออาวุธชิ้นเยี่ยมในวันหน้า”,“Today’s small scrap is tomorrow’s finest weapon.”
“พลังของมอนสเตอร์ หลับใหลอยู่ในการ์ดใบนี้”,“A monster’s power sleeps inside this card.”
“อุปกรณ์ที่ดี คือเพื่อนร่วมทางที่ไว้ใจได้”,“Good gear is a companion you can trust.”
ค้นหาชื่อไอเทม...,Search item name...
ค้นหาชื่อหรือสเตตัส เช่น atk 50...,"Search name or stat, e.g. atk 50..."
คุยกับ NPC,Talk to NPC
ฮั่นแน่~ รออัปเดตใหม่อยู่ใช่ไหม? มาแล้วจ้า มาดูกันว่ามีอะไรใหม่ กดเลย!,Guess what — waiting for a new update? It's here! Tap to see what's new!
อัปเดตเลย!,Update now!
ค้นหาของในกระเป๋า...,Search your bag...
อุปกรณ์แต่ละชิ้นมีค่าสถานะ ตีบวก และการ์ดไม่เหมือนกัน จึงเทียบราคากับชิ้นแบบเดียวกันที่ตั้งขายอยู่ตอนนี้,"Every piece has its own stats, refine and cards, so prices are compared with the same model listed right now."
เลือกของจากกระเป๋าเพื่อตั้งขาย · อุปกรณ์ที่สวมอยู่ต้องถอดออกก่อน,Pick from your bag to list it · Unequip worn gear first
ตั้งราคาที่อยากซื้อไว้ แล้วรอคนมาขายให้,Name the price you want to pay and wait for a seller
เพิ่มน้ำหนักที่แบกได้ถาวร +,Permanently increases carry weight by +
 ต่อใบ · ใช้แล้ว , per pass · Used 
ถาวร +,Permanent +
น้ำหนักที่แบกได้ +,Carry weight +
 ถาวร · ใช้แล้ว , permanently · Used 
ใช้ Gym Pass ครบ ,Already used all 
 ใบแล้ว, passes
ใช้ Gym Pass ได้สูงสุด ,Gym Pass limit: 
 ใบต่อตัวละคร, passes per character
มีครบเพดาน ,Reached the limit of 
"เพิ่มน้ำหนักที่แบกได้ถาวร +1,000 ต่อใบ · ใช้ได้สูงสุด 10 ใบต่อตัวละคร · ผูกกับตัวละคร ซื้อขายและเทรดไม่ได้","Permanently adds 1,000 carry weight per pass · up to 10 per character · character-bound and cannot be sold or traded"
ใช้ Gym Pass ครบ ${GYM_PASS_LIMIT} ใบแล้ว,All ${GYM_PASS_LIMIT} Gym Passes have already been used
Gym Pass: น้ำหนักที่แบกได้ +${GYM_PASS_WEIGHT.toLocaleString('en-US')} ถาวร · ใช้แล้ว ${this.gymPassUses}/${GYM_PASS_LIMIT} ใบ,Gym Pass: permanent carry weight +${GYM_PASS_WEIGHT.toLocaleString('en-US')} · used ${this.gymPassUses}/${GYM_PASS_LIMIT}
ถาวร +${fmt(GYM_PASS_WEIGHT)} น้ำหนัก,Permanent +${fmt(GYM_PASS_WEIGHT)} weight
ใช้ Gym Pass ได้สูงสุด ${GYM_PASS_LIMIT} ใบต่อตัวละคร,A character can use at most ${GYM_PASS_LIMIT} Gym Passes
มีครบเพดาน ${GYM_PASS_LIMIT} ใบแล้ว,The ${GYM_PASS_LIMIT}-pass limit has been reached
ไอเทมผูกกับตัวละคร ฝากคลังไม่ได้,Character-bound items cannot be put in storage
ไอเทมผูกกับตัวละคร ใช้ได้เท่านั้น,Character-bound item · use only
น้ำหนักที่แบกได้ +${GYM_PASS_WEIGHT.toLocaleString('en-US')} ถาวร · ใช้แล้ว ${p.gymPassUses}/${GYM_PASS_LIMIT} ใบ,Permanent carry weight +${GYM_PASS_WEIGHT.toLocaleString('en-US')} · used ${p.gymPassUses}/${GYM_PASS_LIMIT}
ซื้อ Gym Pass ได้อีกเพียง ${room} ใบ,Only ${room} more Gym Passes can be bought
ซื้อ Gym Pass ได้อีกเพียง ,Gym Passes left to buy: 
คืน Gym Pass ส่วนเกิน ${gymRefund} ใบ และคืน ${gymRefund*GYM_PASS_GOLD} Gold ให้แล้ว,Removed ${gymRefund} surplus Gym Passes and refunded ${gymRefund*GYM_PASS_GOLD} Gold
"เปิดทั้งหมด (${Math.min(count,RELIC_OPEN_MAX).toLocaleString('en-US')})","Open all (${Math.min(count,RELIC_OPEN_MAX).toLocaleString('en-US')})"
เปิด Mystery Relic Box ${opened.toLocaleString('en-US')} กล่อง${full?' · กระเป๋าเต็ม หยุดเปิดแล้ว':''},"Opened ${opened.toLocaleString('en-US')} Mystery Relic Boxes${full?' · bag full, stopped opening':''}"
เปิด Mystery Relic Box ,Opened Mystery Relic Box 
 กล่อง, boxes
 · กระเป๋าเต็ม หยุดเปิดแล้ว," · bag full, stopped opening"
 · ปิดทั้งหมวด, · whole category off
เปลี่ยนชื่อ 1 ครั้ง,One name change
เปลี่ยนชื่อตัวละครได้ 1 ครั้งต่อใบ · ดับเบิลคลิกบัตรในแท็บ Cash ของกระเป๋าเพื่อตั้งชื่อใหม่,Each card changes your character name once · Double-click the card on the bag's Cash tab to choose a new name
บัตรถูกใช้เมื่อเปลี่ยนชื่อสำเร็จเท่านั้น ถ้าชื่อซ้ำหรือไม่ผ่านจะไม่เสียบัตร,The card is used only when the rename succeeds; a taken or invalid name costs nothing
ชื่อเดิมจองไว้ให้คุณ ,Your old name is held for you for 
 วัน คนอื่นตั้งไม่ได้ · เปลี่ยนกลับเป็นชื่อเดิมได้ด้วยบัตรอีกใบ, days so nobody else can take it · Another card can change it back
เพื่อน กิลด์ ปาร์ตี้ จดหมาย Gold และของทุกชิ้นยังอยู่ครบ,"Friends, guild, party, mail, Gold and every item stay with you"
ซื้อด้วย Gold เท่านั้น · ผูกกับตัวละคร ขายและเทรดไม่ได้,"Gold only · Bound to the character, cannot be sold or traded"
ใช้ Rename Card 1 ใบ เมื่อเปลี่ยนชื่อสำเร็จเท่านั้น,"Uses 1 Rename Card, only when the rename succeeds"
ชื่อเดิมจะถูกจองไว้ให้คุณ ,Your old name is held for you for 
 วัน คนอื่นตั้งชื่อนี้ไม่ได้, days; nobody else can take it
เพื่อน กิลด์ ปาร์ตี้ จดหมาย และของทุกชิ้นยังอยู่ครบ,"Friends, guild, party, mail and every item stay with you"
กำลังเปลี่ยนชื่อ…,Changing name…
เปลี่ยนชื่อตัวละครได้ 1 ครั้ง · ดับเบิลคลิกเพื่อตั้งชื่อใหม่ · ชื่อเดิมจะถูกจองไว้ให้คุณ 30 วัน คนอื่นใช้ไม่ได้ · ผูกกับตัวละคร ซื้อขายและเทรดไม่ได้,"Changes your character name once · Double-click to choose a new name · Your old name is held for you for 30 days · Bound to the character, cannot be sold or traded"
ชื่อนี้มีผู้ใช้แล้ว หรือยังถูกจองไว้ให้เจ้าของเดิม กรุณาเลือกชื่ออื่น,That name is taken or still held for its previous owner. Please choose another
ต้องมี Rename Card · ซื้อได้ที่ Item Mall,You need a Rename Card · available in the Item Mall
ติดต่อฐานชื่อไม่ได้ กรุณาลองใหม่อีกครั้ง,Could not reach the name registry. Please try again
คืน Rename Card,Rename Card returned
ปิดเพื่อซ่อนแถบโทรโข่ง เสียง และข้อความโทรโข่งในแชท,"Turn off to hide the Megaphone bar, its sound and its chat lines"
โทรโข่ง · ประกาศถึงทุกคน,Megaphone · shout to everyone
ประกาศถึงผู้เล่นทุกภูมิภาค · ขึ้นจอ ,Reaches players in every region · on screen for 
 วินาที · , seconds · 
 Gold ต่อครั้ง, Gold per shout
พิมพ์ข้อความที่จะประกาศ...,Type the message to shout...
คิวตอนนี้ ,In queue: 
 ข้อความ · ข้อความคุณจะขึ้นในประมาณ , · yours goes up in about 
 วินาที, seconds
ไม่มีคิว · ขึ้นจอทันที,No queue · goes up right away
ยังไม่ได้เชื่อมต่อเซิร์ฟเวอร์ ลองใหม่อีกครั้ง,Not connected to the server. Please try again
โทรโข่งไม่ถูกส่ง — ตัวละครยังโหลดไม่เสร็จ,Megaphone not sent — your character is still loading
กำลังส่งโทรโข่งอยู่ รอสักครู่,"Your Megaphone is being sent, please wait"
 ข้อความ ประมาณ ," ahead, about "
 วินาที · ใช้โทรโข่ง 1 อัน หรือ , seconds · 1 Megaphone or 
ใช้โทรโข่ง 1 อัน หรือ ,1 Megaphone or 
โทรโข่งในกระเป๋า: ,Megaphones in your bag: 
 · ส่งแล้วใช้ 1 อัน, · a shout uses 1
ไม่มีโทรโข่งในกระเป๋า · Gold ของคุณ: ,No Megaphone in your bag · Your Gold: 
 · ไม่พอ (ซื้อโทรโข่งได้ที่ Item Mall), · not enough (buy Megaphones in the Item Mall)
ส่ง · ใช้โทรโข่ง 1 อัน,Send · use 1 Megaphone
ประกาศข้อความถึงผู้เล่นทุกคนทุกภูมิภาค ขึ้นจอ ,"Shout a message to every player in every region, on screen for "
 วินาที พร้อมเสียง · โปรเปิดตัว ยิ่งซื้อเยอะยิ่งถูก สูงสุด -30%," seconds with a sound · Launch deal: the more you buy, the cheaper, up to -30%"
ดับเบิลคลิกโทรโข่งในแท็บ Cash ของกระเป๋า หรือกดปุ่ม 📢 ข้างช่องแชท แล้วพิมพ์ข้อความ (สูงสุด ,"Double-click a Megaphone on the bag's Cash tab, or press 📢 beside the chat box, and type your message (up to "
 ตัวอักษร), characters)
มีคนใช้อยู่ ข้อความจะต่อคิวและขึ้นเมื่อข้อความก่อนหน้าครบเวลา,"When someone is already shouting, yours waits in the queue until theirs ends"
ถ้าส่งไม่สำเร็จ (คิวเต็ม ข้อความไม่สุภาพ) จะไม่เสียโทรโข่ง · ไม่มีโทรโข่งจ่าย ,"A shout that fails (full queue, rude words) costs no Megaphone · Without one, pay "
 Gold ต่อครั้งแทนได้, Gold per shout instead
ประกาศข้อความถึงผู้เล่นทุกคนทุกภูมิภาค 1 ครั้ง ขึ้นจอ 20 วินาที · ดับเบิลคลิกหรือกดปุ่ม 📢 ข้างแชทเพื่อใช้ · ผูกกับตัวละคร ซื้อขายและเทรดไม่ได้,"Shouts one message to every player in every region, on screen for 20 seconds · Double-click it or press 📢 beside the chat to use · Bound to the character, cannot be sold or traded"
ประกาศข้อความถึงผู้เล่นทุกคนทุกภูมิภาค 1 ครั้ง ขึ้นจอ 20 วินาที,"Shouts one message to every player in every region, on screen for 20 seconds"
ดับเบิลคลิกหรือกดปุ่ม 📢 ข้างแชทเพื่อใช้,Double-click it or press 📢 beside the chat to use
ข้อความมีคำไม่สุภาพ ใช้โทรโข่งไม่ได้ · ไม่เสียโทรโข่งหรือ Gold,The message contains rude words and cannot be shouted · no Megaphone or Gold taken
ไม่มีโทรโข่งในกระเป๋า และ Gold ไม่พอ (ใช้ ,No Megaphone in your bag and not enough Gold (a shout costs 
 Gold) · ซื้อโทรโข่งได้ที่ Item Mall, Gold) · buy Megaphones in the Item Mall
คืน Gold ให้แล้ว,your Gold was returned
คิวโทรโข่งเต็ม ลองใหม่อีกครั้งภายหลัง · ,"The Megaphone queue is full, try again later · "
คุณมีโทรโข่งรอคิวอยู่หลายข้อความแล้ว รอให้ขึ้นก่อน · ,You already have several shouts waiting; let them go up first · 
ส่งโทรโข่งไม่ได้ (เซิร์ฟเวอร์ไม่ตอบ) · ,Could not send the Megaphone (the server did not answer) · 
ใช้โทรโข่ง 1 อัน · เหลือโทรโข่ง ,used 1 Megaphone · Megaphones left: 
ส่งโทรโข่งแล้ว (,Megaphone sent (
) · รอคิวอีก ,) · 
ดาบคาตานะ (Katana),Katana
ฝักดาบ (Saya),Saya
ฝักดาบคาตานะเคลือบแล็กเกอร์ ถือมือซ้ายไว้ชักดาบฟันในพริบตา ไม่ใช่โล่,"A lacquered katana scabbard, held in the left hand for the quick draw; not a shield"
ดาบคาตานะคมกริบ ชักออกจากฝักแล้วฟันในพริบตา,"A razor-keen katana, drawn from the scabbard and swung in the same instant"
สาวดาบคาตานะ เคลื่อนที่ว่องไวและฟันเร็วดุจสายฟ้า ชักดาบฟันตามความเร็วโจมตี พุ่งฟันทะลุแนวศัตรูด้วย Issen และเร่งความเร็ว-คริติคอลด้วย Meikyo Shisui,"A katana swordswoman who moves swiftly and strikes like lightning: quick-draw cuts at attack speed, Issen dashes through a line of enemies, and Meikyo Shisui speeds up her blade and her criticals"
พาสซีฟ · ATK +4% ต่อระดับเมื่อถือคาตานะ (สูงสุด +40%) · CRIT +1 ต่อระดับ (สูงสุด +10),Passive · ATK +4% per level while holding a katana (up to +40%) · CRIT +1 per level (up to +10)
พาสซีฟ · ความเร็ววิ่ง +2% ต่อระดับ (สูงสุด +20%) · FLEE +1% ต่อระดับ (สูงสุด +10%),Passive · Movement speed +2% per level (up to +20%) · FLEE +1% per level (up to +10%)
พาสซีฟ · ดาเมจคริติคอล +3% ต่อระดับ (สูงสุด +30%) · ATK เพิ่มเท่ากับ 5% ของ AGI ต่อระดับ (สูงสุด 50%),Passive · Critical damage +3% per level (up to +30%) · Adds ATK equal to 5% of AGI per level (up to 50%)
ชักดาบฟันเป้าหมายเดียว ,Quick-draw cut on one target 
วาร์ปไปมาฟันศัตรูรอบตัวแบบสุ่ม ,"Teleports between random nearby enemies, cutting "
 ครั้งใน , times in 
 วินาที ครั้งละ ," seconds, each cut "
% ATK · ตัวเดิมโดนซ้ำได้ · สุ่มเป้าในรัศมี ,% ATK · the same enemy can be cut again · targets picked within 
 จากจุดเริ่ม · ระยะ , of the starting spot · range 
พุ่งเข้าหาเป้าหมายในพริบตา ฟันทุกตัวตามแนวที่พุ่งผ่าน ,"Dash to the target in a flash, cutting everything along the path "
% และ CRIT +,% and CRIT +
จิตนิ่งดั่งผิวน้ำ โจมตีเร็วขึ้นและติดคริติคอลง่ายขึ้น,A mind as still as water: faster attacks and more critical hits
ใจใสดั่งกระจก นิ่งดั่งผิวน้ำ คมดาบไหลไปก่อนความคิด,"Clear as a mirror, still as water: the blade moves before the thought"
Starter Pack ตอนนี้มี Lumina Katana (อาวุธของ Kensei) รวมอยู่ด้วยแล้ว ผู้ที่ซื้อไปก่อนหน้านี้จึงได้รับเพิ่มย้อนหลัง 1 ชิ้น · ผูกกับตัวละคร ซื้อขายและเทรดไม่ได้,"The Starter Pack now includes the Lumina Katana (the Kensei's weapon), so earlier buyers receive one as well · Bound to the character, cannot be sold or traded"
ขวดระเบิด (Neko Flask),Neko Flask
พาสซีฟ · MATK +5% ต่อระดับ (สูงสุด +50%),Passive · MATK +5% per level (up to +50%)
พาสซีฟ · ASPD +1% ต่อระดับ (สูงสุด +10%) · MATK เพิ่มเท่ากับ 4% ของ AGI ต่อระดับ (สูงสุด 40%),Passive · ASPD +1% per level (up to +10%) · MATK plus 4% of AGI per level (up to 40%)
ขว้างขวดเวทใส่เป้าหมายเดียว ,Throws a magic flask at one target 
% MATK · กระเซ็นใส่ศัตรูรอบเป้าหมายในรัศมี ,% MATK · splashes enemies around it within 
 ช่อง , cells for 
% MATK · ระยะ ,% MATK · range 
ขว้างขวดน้ำมันลงพื้น ,Throws an oil flask onto the ground 
% MATK · รัศมี ,% MATK · radius 
 · ร่ายลงที่เป้าหมายได้ไกล , · Can be cast onto a target up to 
 · เดินช้าลง 30%, · move speed −30%
ถังระเบิด ,Barrel bomb 
เก้าชีวิต (พักฟื้น),Nine Lives (resting)
ชุ่มน้ำมัน เดินช้าลง 30% · โดน Fizz Flask และ Big Kaboom แรงขึ้น,Oiled: move speed −30% · Fizz Flask and Big Kaboom hit harder
ASPD เพิ่มขึ้นจาก Catalyst Brew,ASPD raised by Catalyst Brew
Nine Lives เพิ่งช่วยชีวิตไว้ ต้องพักก่อนใช้ได้อีก,Nine Lives just saved you and must rest before it can again
น้ำมันเหนียวหนืดเกาะเต็มตัว ประกายไฟเดียวก็ลุกพรึ่บ,Sticky oil clings everywhere; a single spark and it all goes up
ยาเร่งปฏิกิริยาเดือดปุด ๆ ในท้อง อุ้งเท้าขว้างเร็วจนมองไม่ทัน,The catalyst bubbles in its belly; the paws throw too fast to follow
ใช้ชีวิตไปหนึ่งดวงแล้ว ยังเหลืออีกแปด แต่ต้องพักก่อน,"One life spent, eight to go, but it needs a rest first"
Nine Lives จะช่วยชีวิตได้อีกครั้งเมื่อหมดเวลา,Nine Lives can save you again when this runs out
ปลดล็อก ,Unlock 
ปลดล็อกอาชีพ ,Unlocked 
 แล้ว — เปลี่ยนอาชีพได้ที่หน้าต่าง Class, — change to it from the Class window
ปลดล็อก: ,Unlock: 
 แล้วจ่าย ,", then pay "
 Silver ครั้งเดียว, Silver once
 ด้วย , for 
 Silver (จ่ายครั้งเดียว), Silver (one-time payment)
Silver ไม่พอ — ปลดล็อก ,Not enough Silver — unlocking 
 ต้องใช้ , costs 
: จ่าย ,: pay 
 Silver ครั้งเดียวเพื่อเปิดอาชีพนี้ตลอดไป, Silver once to open this class for good
 · Silver ไม่พอ (มี , · not enough Silver (you have 
 ต้องมี , needs 
 (ตอนนี้ , (now 
 และ , and 
ลดเอฟเฟกต์สกิลและการต่อสู้ช่วยให้เครื่องที่แลคลื่นขึ้น · วงเตือนสกิลบอสยังแสดงเสมอ,Fewer skill and combat effects help a laggy device run smoother · Boss skill warning rings always show
เกิดจุดเดิม · ,Revive here · 
เกิดจุดเดิม · ฟรี,Revive here · Free
ลุกขึ้นตรงที่ล้มทันที HP เต็ม และอมตะ ,"Stand up where you fell right away, with full HP and invulnerable for "
Silver ไม่พอ — ต้องใช้ ,Not enough Silver — needs 
Silver ไม่พอ — เกิดจุดเดิมต้องใช้ ,Not enough Silver — reviving here costs 
เกิดใหม่ตรงจุดเดิม — HP เต็ม,Revived on the spot — HP restored
เกิดใหม่ตรงจุดเดิม — HP เต็ม (−,Revived on the spot — HP restored (−
สกินเปลี่ยนแค่หน้าตา ไม่ใช้ช่องอุปกรณ์และไม่มีผลกับค่าสเตตัส,Skins only change your look: they take no equipment slot and never affect stats
ปีกสีทองกางอยู่ด้านหลัง กระพือช้า ๆ ตอนยืน เร็วขึ้นตอนเดิน มีประกายแสงร่วงจากขนปีก,"Golden wings spread behind you, beating slowly at rest and faster as you walk, shedding motes of light"
ไอเทมพิเศษ (Cash),Special item (Cash)
ดับเบิลคลิกเพื่อสวมหรือถอด ไม่ใช้ช่องอุปกรณ์และไม่มีผลกับค่าสเตตัส,Double-click to wear or remove · takes no equipment slot and never affects stats
เทรด ขายในตลาด และฝากคลังได้ แต่ทิ้ง ทำลาย หรือขายให้พ่อค้าไม่ได้,"Can be traded, sold on the market and stored, but never dropped, destroyed or sold to the merchant"
"สุ่มได้จาก Mystery Relic Box 1 ใน 1,000,000 กล่อง","Found in 1 of every 1,000,000 Mystery Relic Boxes"
อุปกรณ์สุ่ม Tier I,Random Tier I equipment
อุปกรณ์สุ่ม Tier II,Random Tier II equipment
อุปกรณ์สุ่ม Tier III,Random Tier III equipment
อุปกรณ์สุ่ม Tier IV,Random Tier IV equipment
อุปกรณ์สุ่ม Tier V,Random Tier V equipment
กดเพื่อแสดงบนหัว · หรือพิมพ์ /คำย่อ ในแชท,Tap to show over your head · or type its /shortcut in chat
ฝาก–ถอนจากเมนูได้ทุกที่ โดยบอทยังทำงานต่อ,Deposit and withdraw from the menu anywhere while Auto Play keeps running
คลังเก็บของ · Premium · ฝาก–ถอนได้ทุกที่ บอทยังทำงานต่อ,Storage · Premium · deposit and withdraw anywhere while Auto Play keeps running
เข้าใกล้เจ้าหน้าที่คลังเพื่อฝาก–ถอน · Premium เปิดคลังจากเมนูได้ทุกที่,Walk up to the Storage Keeper to deposit or withdraw · Premium opens storage from the menu anywhere
ชุดเกราะ โล่ และเครื่องประดับ,"Armor, shields and accessories"
เรียง: ตามลำดับที่ฝาก,Sort: deposit order
เข้าใกล้เจ้าหน้าที่คลังเพื่อฝาก–ถอน,Walk up to the Storage Keeper to deposit or withdraw
คลิก = เลือกจำนวน · Shift+คลิก = นำออกทั้งกอง,Click = choose amount · Shift+click = withdraw the whole stack
Shift+คลิก = นำออกทั้งกอง,Shift+click = withdraw the whole stack
ระดมทุน EXP ทั้งเซิร์ฟ,Server EXP Fund
Silver ที่บริจาคจะหายไปจากระบบ ไม่ได้คืน · ครบเป้าเมื่อไร ทุกคนในเซิร์ฟได้ EXP เพิ่มพร้อมกัน,"Donated Silver leaves the game for good and is not returned · when the goal is reached, everyone on the server gets bonus EXP together"
จำนวน Silver,Silver amount
กำลังส่ง…,Sending…
 ทั้งเซิร์ฟ , server-wide for 
กำลังได้ EXP x,EXP x
ทั้งเซิร์ฟระดมทุนครบเป้า! EXP x,The server reached its fund goal! EXP x
 ทั้งเซิร์ฟเวอร์, server-wide
ระดมทุน EXP x,EXP Fund x
ผู้เล่นทั้งเซิร์ฟร่วมกันบริจาค Silver ครบเป้า,Players across the server donated Silver together and reached the goal
🎉 ระดมทุน EXP ทั้งเซิร์ฟ,🎉 Server EXP Fund
กำลังส่งเงินบริจาค กรุณารอสักครู่,"Sending your donation, please wait"
ส่งเงินบริจาคไม่สำเร็จ คืน Silver ให้แล้ว,The donation failed; your Silver was returned
 Silver แล้ว · ขอบคุณที่ร่วมระดมทุน, Silver donated · thank you for joining the fund
พัง · ซ่อมที่ช่างตีบวก,Broken · repair at the Blacksmith
 ความทนทานเหลือไม่ถึง 20% · ซ่อมได้ที่ช่างตีบวก, is below 20% durability · repair it at the Blacksmith
 พังแล้ว ไม่ให้ค่าสถานะจนกว่าจะซ่อมที่ช่างตีบวก, broke and gives no stats until repaired at the Blacksmith
 พังแล้ว โจมตีและใช้สกิลโจมตีไม่ได้จนกว่าจะซ่อมที่ช่างตีบวก, broke and cannot attack or use attack skills until repaired at the Blacksmith
อาวุธพัง — โจมตีและใช้สกิลโจมตีไม่ได้ ซ่อมที่ช่างตีบวกก่อน,"Weapon broken — cannot attack or use attack skills, repair it at the Blacksmith first"
Auto Play หยุด — อาวุธพัง ซ่อมที่ช่างตีบวกก่อน,"Auto Play stopped — weapon broken, repair it at the Blacksmith first"
ซ่อมอุปกรณ์ ,Repaired 
 ชิ้นแล้ว (−Silver , pieces (−Silver 
อุปกรณ์ที่สวมอยู่สึกหรอทุกครั้งที่ล่ามอน · ถ้าพังจะไม่ให้ค่าสถานะจนกว่าจะซ่อม · อาวุธที่พังโจมตีและใช้สกิลโจมตีไม่ได้,Worn gear wears down with every monster you hunt · a broken piece gives no stats until repaired · a broken weapon cannot attack or use attack skills
กำลังซ่อม…,Repairing…
ค่าซ่อม ,Repair cost 
Silver ไม่พอสำหรับค่าซ่อม,Not enough Silver for the repair
Silver ไม่พอสำหรับค่าเปิดคลัง ,Not enough Silver for the storage fee of 
เปิดคลัง −,Storage opened −
เปิดคลังก่อน (ค่าบริการ ,Open the storage first (fee 
ผู้ขาย Gold เสียค่าธรรมเนียม,Gold sellers pay a fee of
 ของ Silver ที่ได้รับ, of the Silver they receive
 · หักค่าธรรมเนียม , · minus a fee of 
รวมเป็น ,Total 
 Silver — กดรับด้านล่างเพื่อเก็บ Silver เข้ากระเป๋า, Silver — claim below to put the Silver in your bag
วันนี้ขายให้พ่อค้าแล้ว ,Sold to the merchant today: 
 Silver · รับซื้อตอนนี้ , Silver · buying now at 
% ของราคา,% of the price
 (เต็มราคา , (full price 
ระดมทุนครบเป้า! EXP x,Fund goal reached! EXP x
 · หมดเวลา , · ends at 
เป้าหมาย ,Goal 
 · อุปกรณ์ที่สึก , · worn pieces: 
 · งบรับซื้อรายวัน: , · daily budget: first 
 Silver แรกเต็มราคา · ถึง , Silver at full price · up to 
 ลดเหลือ , pays 
% · เกินนั้นเหลือ ,% · beyond that 
% · เริ่มใหม่เที่ยงคืน,% · resets at midnight
แช่แข็ง!,Frozen!
ธาตุดินตกผลึกเป็นเกราะใส รับแรงปะทะแทนร่างกาย,Earth crystallises into a clear shell that takes the blows for you
ดูดซับดาเมจได้อีก ,Absorbs up to 
ดรอปจาก ,Dropped by 
น้ำหนัก 1,Weight 1
วัตถุดิบรุ่นเก่า มอนสเตอร์เลิกดรอปแล้ว · ขายให้ร้านค้าได้ · น้ำหนัก 2,An old material monsters no longer drop · sells to the merchant · weight 2
วัตถุดิบ ETC ประจำตัวมอน,The monster's own ETC material
ต้องร่วมจ่าย Silver อย่างน้อย 1,Contribute at least 1 Silver
เช็กอิน 30 วัน และเควสต์ล่ารายวัน,The 30-day check-in sheet and the daily hunt quest
<li><b>Refine Stone</b> ได้จากเควสต์ล่ารายวันและการดรอป · ตีบวกหนึ่งครั้งใช้หนึ่งก้อน</li>,<li><b>Refine Stones</b> come from the daily hunt and drops · each refine uses one</li>
วัตถุดิบ ETC,ETC material
มอนแต่ละชนิดดรอปของประจำตัว 1 อย่าง น้ำหนัก 1 ราคาขายตามเลเวลมอน 1–,"Each species drops one item of its own, weight 1, selling for 1–"
 Silver (ดูตารางด้านล่าง) · บอสดรอป ×5, Silver by monster level (see the table below) · bosses drop ×5
ดูวัตถุดิบ ETC ของมอนทั้ง ,See the ETC material of all 
 ชนิด, species
อัปเลเวลกิลใช้ <b>EXP กิล</b> อย่างเดียว (ไม่ใช้ Spirit Shard แล้ว) — เต็มเมื่อไรกิลอัปเลเวลทันที ยอดที่เกินมาเก็บไว้ให้เลเวลถัดไป ไม่มีของหาย,"Guild levels take <b>guild EXP</b> alone (no more Spirit Shards) — the guild levels up the moment the bar is full, and any excess carries to the next level, nothing lost"
หมวก / ของบนหัว,Headgear
โล่ / ออร์บ,Shield / Orb
แสดงไอเท็มที่ล็อกไว้ด้วย · ขายไม่ได้จนกว่าจะปลดล็อกในกระเป๋า,Also show locked items · they cannot be sold until unlocked in the bag
ตัวกรองที่เลือก:,Active filters:
ช่องที่ใช้ในกระเป๋า / ช่องทั้งหมด,Bag slots used / total
ค้นหาไอเท็มที่จะขาย…,Search items to sell…
ค้นหาจากชื่อ ประเภท คำอธิบาย สเตตัส หรือชื่อการ์ดที่ฝัง,"Search by name, type, description, stat or socketed card"
ประเภทไอเท็ม · เลือกอุปกรณ์ตามช่องที่สวมได้,Item type · pick gear by the slot it is worn in
อุปกรณ์ที่อาชีพนี้สวมได้ · เลือกแล้วจะแสดงเฉพาะอุปกรณ์,Gear this class can wear · shows gear only
เลเวลที่ต้องมีเพื่อสวมอุปกรณ์ · เลือกแล้วจะแสดงเฉพาะอุปกรณ์,Level needed to wear the gear · shows gear only
อุปกรณ์ที่มีสเตตัสนี้ · เลือกแล้วจะแสดงเฉพาะอุปกรณ์,Gear carrying this stat · shows gear only
ราคา NPC,NPC price
ราคา: ,Price: 
ราคาขาย (NPC),Sell price (NPC)
คลิกเพื่อเรียงราคาขาย ต่ำไปสูง / สูงไปต่ำ,Click to sort the sell price low to high / high to low
เพิ่มทุกรายการที่แสดงอยู่ตามตัวกรอง · ข้ามอุปกรณ์ที่ตีบวกหรือฝังการ์ดแล้ว,Add every item the filters show · skips refined or carded gear
เพิ่ม 1,Plus 1
จำนวนที่จะขาย (มี ,Quantity to sell (have 
ได้รับทั้งหมด:,You receive:
จำนวนรายการ: ,Lines: 
คลิกเพิ่ม 1 · Shift+คลิก ทั้งกอง · คลิกขวา/กดค้าง ดูรายละเอียด,Click: add 1 · Shift+click: whole stack · right-click/hold: details
หรือ ลากไอเท็มมาที่นี่,or drag it here
🔒 ล็อกไว้ · ปลดล็อกในกระเป๋าก่อนจึงจะขายได้,🔒 Locked · unlock it in the bag before selling
ของใช้ / กล่องสุ่ม,Usable / Box
ของใช้ / ม้วนคัมภีร์,Usable / Scroll
ของใช้ / ยา,Usable / Potion
วัตถุดิบ / ของดรอป,Material / Drop
การ์ด / การ์ดมอนสเตอร์,Card / Monster card
ซื้อยา ม้วนคัมภีร์ และอุปกรณ์จากพ่อค้า,"Buy potions, scrolls and gear from the merchant"
เพิ่มทุกรายการที่แสดงอยู่ตามตัวกรองลงรายการขาย · ข้ามอุปกรณ์ที่ตีบวกหรือฝังการ์ดแล้ว,Add every item the filters show to the sell list · skips refined or carded gear
หมวดหมู่ / ประเภท,Category / Type
เลเวล ,Level 
คลิกเพิ่ม 1 · ปุ่มขายทั้งหมด ใส่ทั้งกอง · คลิกขวา/กดค้าง ดูรายละเอียด,Click: add 1 · Sell all: the whole stack · right-click/hold: details
ขายทั้งหมด:,Sell all:
ติดสตันเฉพาะการโจมตีปกติ บอสไม่ติด,Stuns on basic attacks only; bosses are immune
เลือดไหลเฉพาะการโจมตีปกติ เสีย HP ,Bleeds on basic attacks only: loses 
% ของ MaxHP ทุกวินาที ,% of MaxHP every second for 
เกราะแตกเฉพาะการโจมตีปกติ เป้าหมายรับดาเมจ +20% ,Breaks armor on basic attacks only: the target takes +20% damage for 
ฟื้น SP เพิ่มทุกรอบฟื้นตามธรรมชาติ,Extra SP on every natural SP recovery tick
คริติคอลแรงขึ้นตามเปอร์เซ็นต์ (ปกติคริแรง 2 เท่า),Critical hits deal this much more (normally 2x)
โอกาสทำให้เป้าหมายรับดาเมจ +20% เมื่อโจมตีปกติ,Chance on a basic attack to make the target take +20% damage
เลือดไหล เสีย HP ต่อเนื่องทุกวินาที,Bleeding: loses HP every second
บาดแผลฉีกลึก เลือดไหลไม่หยุดทีละหยด,A deep wound that will not stop bleeding
อุปกรณ์ที่ล็อกไว้ตีบวกเสี่ยงแตกไม่ได้ · ใช้ Protection Stone หรือปลดล็อกก่อน,Locked gear cannot take a refine that could break it · use a Protection Stone or unlock it first
การชำระเงินถูกคืนหรือถูกโต้แย้ง Gold จากรายการนี้จึงถูกเรียกคืน,"This payment was refunded or disputed, so the Gold from it has been taken back"
การเติมเงินของเพื่อนที่ชวนมาถูกคืนหรือถูกโต้แย้ง รางวัลชวนเพื่อนจึงถูกเรียกคืน,"Your invited friend's payment was refunded or disputed, so the invite reward has been taken back"
ลบบัญชีไม่สำเร็จ ระบบยังติดต่อแผนที่ของตัวละครไม่ได้ กรุณาลองใหม่อีกครั้ง,Could not delete the account: the character's map did not respond. Please try again
ระบบกิลยังไม่ตอบ · ระบบจะยืนยันหรือคืนค่าใช้จ่ายให้อัตโนมัติ,The guild system has not answered yet · the payment will be confirmed or refunded automatically
กระดานรับ ,The board could not take 
 ไม่ได้ · ส่งคืนเข้ากล่องจดหมายแล้ว, · it was sent back to your mailbox
กระดานรับ ${listing.gear.name} ไม่ได้ · ส่งคืนเข้ากล่องจดหมายแล้ว,The board could not take ${listing.gear.name} · it was sent back to your mailbox
 · ไอเทมล็อกอยู่ · ปลดล็อกในกระเป๋าก่อนใส่การ์ดทับ, · Item is locked · unlock it in the bag before replacing its card
พิมพ์ชื่อหัวหน้าปาร์ตี้...,Type a party leader's name...
ค้นหาปาร์ตี้จากทุก Channel,Find parties across all channels
เปิดรับสมาชิกใน Party Finder,List this party
กำลังอัปเดตประกาศปาร์ตี้…,Updating the party listing…
กำลังโหลดรายการปาร์ตี้…,Loading parties…
เลือกตามแมพของหัวหน้าปาร์ตี้ · ทุก Channel,Grouped by the party leader's map · all channels
โหลดรายการปาร์ตี้ไม่ได้ กรุณาลองใหม่,Could not load parties. Please try again.
เฉพาะหัวหน้าปาร์ตี้เท่านั้นที่ประกาศได้ · ยังไม่มีปาร์ตี้จะสร้างให้อัตโนมัติ,"Only the party leader can list the party · if you have no party, one is created for you"
กำลังส่งคำขอรวมปาร์ตี้…,Sending the merge request…
ถ้าคุณเป็นหัวหน้า จะขอรวมทั้งปาร์ตี้,"as a leader, you ask to merge your whole party"
รวมปาร์ตี้ไม่ได้: สมาชิกรวม,Cannot merge parties: together
คุณมีปาร์ตี้อยู่แล้ว — ออกจากปาร์ตี้ก่อน หรือให้หัวหน้าปาร์ตี้เป็นคนขอรวมปาร์ตี้,"You are already in a party — leave it first, or have your party leader ask to merge"
ดาวน์โหลดโปรแกรม Lumivara Online,Download the Lumivara Online app
ไปแล้ว — รออีกฝ่ายตอบรับ,already — waiting for their answer
วิธีกระซิบ: /w ชื่อผู้เล่น ข้อความ,To whisper: /w PlayerName message
กระซิบ: พิมพ์ /w ชื่อผู้เล่น ข้อความ,Whisper: type /w PlayerName message
ส่งข้อความกระซิบไม่ได้ กรุณาลองใหม่,Could not send the whisper. Please try again.
ทำรายการเร็วเกินไป กรุณารอสักครู่,Too fast — please wait a moment
ติดต่อระบบเพื่อนไม่ได้ กรุณาลองใหม่,Could not reach the friend service. Please try again.
ยังไม่มีเพื่อน — พิมพ์ชื่อด้านบนเพื่อส่งคำขอเป็นเพื่อน,No friends yet — type a name above to send a friend request
เพื่อน · กระซิบ ชวนเข้าปาร์ตี้ ดูว่าใครออนไลน์,"Friends · whisper, invite to party, see who is online"
ส่งคำขอเป็นเพื่อน · ดูว่าออนไลน์อยู่ไหม กระซิบและชวนปาร์ตี้ได้จากรายชื่อเพื่อน,"Send a friend request · see when they are online, whisper and invite to party from your friend list"
นั่งเมื่อ HP ≤ ,Sit when HP ≤ 
ลุกเมื่อ HP ≥ ,Stand when HP ≥ 
นั่งเมื่อ SP ≤ ,Sit when SP ≤ 
ลุกเมื่อ SP ≥ ,Stand when SP ≥ 
เปอร์เซ็นต์ HP ที่ลุกขึ้น,HP percent to stand up
เปอร์เซ็นต์ SP ที่ลุกขึ้น,SP percent to stand up
ส่งคำขอถึงหัวหน้าปาร์ตี้ของผู้เล่นคนนี้ · รอหัวหน้ากดรับ,Sends a request to this player's party leader · wait for them to accept
ส่งคำขอเร็วเกินไป กรุณารอสักครู่,Requests sent too quickly. Please wait a moment.
คุณมีปาร์ตี้อยู่แล้ว — ออกจากปาร์ตี้ก่อนจึงจะขอเข้าปาร์ตี้อื่นได้,You are already in a party — leave it before asking to join another
มีดสั้น (Knife),Knife
ดาบ (Sword),Sword
ดาบฟัลเชียน (Falchion),Falchion
ดาบเบลด (Blade),Blade
ค้อนเหล็ก (Hammer),Hammer
มีดคู่ (Dagger Pair),Dagger Pair
คทาเวท (Staff),Staff
พลอง (Quarterstaff),Quarterstaff
เสื้อผ้าฝ้าย (Cotton Shirt),Cotton Shirt
ชุดนักผจญภัย (Adventurer's Suit),Adventurer's Suit
เสื้อโค้ท (Coat),Coat
โล่การ์ด (Guard),Guard
โล่บักเลอร์ (Buckler),Buckler
ดาวกระจาย (Shuriken),Shuriken
ผ้าคลุมฮู้ด (Hood),Hood
ผ้าพันคอ (Muffler),Muffler
รองเท้าแตะ (Sandals),Sandals
รองเท้าบูท (Shoes),Shoes
หมวกเกราะ (Helm),Helm
กิ๊บติดผม (Clip),Clip
ดรอปจาก: ,Dropped by: 
 · เริ่มที่ , · from 
ช่องมือขวาออกบ่อยกว่าช่องธรรมดา ,The weapon slot is rolled 
เท่า แล้วแบ่งเท่า ๆ กันเป็น ,"x as often as a plain slot, then split evenly across "
 สายอาวุธ ทุกอาชีพจึงเจออาวุธของตัวเองบ่อยพอ ๆ กัน," weapon families, so every job finds its own weapon just as often"
ช่องมือขวา = ,Weapon slot = 
ช่องมือขวาแบ่งเท่า ๆ กันเป็น ,The weapon slot splits evenly across 
 สายอาวุธ = , weapon families = 
 สายอาวุธ, weapon families
 ต่อสาย · มอนที่ถนัดช่องมือขวา = , per family · on a species that favors the weapon slot = 
 ต่อสาย, per family
บันทึกชุดที่สวมอยู่เป็นชุดที่ ,Save the gear you are wearing as set 
บันทึกชุดได้สูงสุด ,You can save at most 
บันทึกชุด ,Saved set 
 ชุด, sets
ชุดที่ ,Set 
สวมชุด ,Wear set 
ลบชุด ,Delete set 
 · ขาด , · missing 
 · คลิกขวาเพื่อบันทึกทับ, · right-click to save over it
 · คลิกขวาหรือกดค้างเพื่อบันทึกทับ, · right-click or hold to save over it
ล็อกไอเทมนี้ · กันขายและกันทิ้ง,"Lock this item · no selling, no dropping"
ล็อกอยู่ · ขายและทิ้งไม่ได้,Locked · cannot be sold or dropped
 ชื่ออาวุธ ทุกอาชีพจึงเจออาวุธของตัวเองบ่อยพอ ๆ กัน," weapon names, so every job finds its own weapon just as often"
 ชื่ออาวุธ = , weapon names = 
สุ่มช่องก่อน แล้วสุ่มชื่อในช่องนั้น — สเตตัสใช้สูตรเดียวกันทุกชิ้น ,"Rolls a slot first, then a name inside that slot — every piece uses the same stat formula "
1) อุปกรณ์ที่ดรอป — สุ่มสเตตัสสูตรเดียวกันหมด ทุกช่อง ทุกชื่อ,1) Dropped equipment — one random-stat formula for every slot and every name
ชื่อที่ดรอปได้ และชื่อที่ต้องซื้อ,"names you can find, and names you have to buy"
ของที่ร้านค้าขายจะไม่ดรอปจากมอนสเตอร์อีกต่อไป ของในร้านซื้อเอา ของที่ร้านไม่ขายจึงหาได้จากการล่าเท่านั้น ชื่อที่ดรอปได้จะเข้าไปอยู่ในกองสุ่มชื่อของช่องตัวเองเมื่อ ,"Anything the shop sells no longer drops from monsters: shop stock is bought, and what the shop does not sell is found by hunting only. A droppable name joins its own slot's name pool once "
 สเตตัสของอุปกรณ์ระบุชื่อสุ่มด้วยสูตรเดียวกับของไม่ระบุชื่อทุกประการ ส่วนตัวที่ซื้อจากร้านค้า เควสต์ และ Mystery Relic Box ยังเป็นสเตตัสคงที่ บอสโลกก็สุ่มชื่อเหมือนกัน," A named piece rolls its stats with exactly the same formula as an unnamed one; shop, quest and relic-box copies keep their fixed stats. World bosses roll a name too"
บอสดรอปอุปกรณ์แน่นอน 1 ชิ้น สุ่มจากทุกช่องเท่ากันแล้วสุ่มชื่อในช่องนั้นเหมือนมอนธรรมดา (ขั้นตามเลเวลบอส — ,"A boss always drops 1 piece, rolled evenly across every slot and then named inside that slot like any ordinary monster drop (tier follows the boss level — "
 · ใช้กับของระบุชื่อด้วย ไม่มีของชิ้นไหนได้สเตตัสตายตัวอีกแล้ว, · this applies to named pieces too: no drop has fixed stats any more
 (อาวุธเวท เช่น Staff ได้เป็น MATK แทน), (a caster weapon such as the Staff gets MATK instead)
 ใช้สูตรสเตตัสด้านบนเหมือนกันทุกประการ ชื่อมีผลแค่อาชีพและเลเวลที่ใส่ได้ · ของที่ร้านค้าขายไม่ดรอปจากมอนสเตอร์, uses exactly the stat formula above; the name only sets the classes and level that may wear it · anything the shop sells does not drop from monsters
 · ช่องนี้แบ่งเท่า ๆ กันเป็น , · this slot splits evenly across 
 ชื่อในกองสุ่ม, names in the pool
(สเตตัสสุ่มสูตรเดียวกับของไม่มีชื่อ),"(random stats, same formula as unnamed gear)"
เควสล่ารายวันครบ ,Daily hunt complete: 
 ตัวแล้ว — มารับ Refine Stone ที่หน้าต่าง Quest (กด Q), monsters — claim your Refine Stones in the Quest window (press Q)
กำจัดมอนสเตอร์ให้ครบ ,Defeat 
 ตัวภายในวันนี้, monsters today
เพื่อรับ Refine Stone ไปใช้กับช่างตีบวก,to earn Refine Stones for the Blacksmith
รับรางวัลของวันนี้แล้ว — กลับมาล่าใหม่พรุ่งนี้,Today's reward is claimed — hunt again tomorrow
ล่าครบแล้ว — กดรับรางวัลได้เลย,Hunt complete — claim your reward
มอนสเตอร์ตัวไหนก็นับ · ยอดจะเริ่มนับใหม่ทุกเที่ยงคืน,Any monster counts · the tally restarts every midnight
ทุกครั้งที่ตีบวกใช้ Refine Stone 1 ก้อน ไม่ว่าสำเร็จหรือล้มเหลว (ได้จากเควสล่ารายวัน),"Every refine attempt uses 1 Refine Stone, success or not (earned from the Daily Hunt)"
Refine Stone ไม่เพียงพอ — ทำเควสล่ารายวันเพื่อรับหิน,Not enough Refine Stones — finish the Daily Hunt to earn them
Refine Stone ไม่พอ,not enough Refine Stones
ช่างตีบวกใช้ 1 ก้อนทุกครั้งที่ตีบวก · ได้จากเควสล่ารายวัน (กำจัดมอนสเตอร์ 100 ตัว) หรือดรอปจากมอนสเตอร์ Lv.70 ขึ้นไป 1%,"The Blacksmith uses 1 per refine attempt · earned from the Daily Hunt (defeat 100 monsters), or a 1% drop from monsters Lv.70 and up"
ใช้ 1 ก้อนต่อการตีบวก 1 ครั้ง (ได้จากเควสล่ารายวันด้วย),1 is used per refine attempt (also earned from the Daily Hunt)
วันนี้รับรางวัลเควสล่ารายวันไปแล้ว — กลับมาใหม่พรุ่งนี้,Today's Daily Hunt reward is already claimed — come back tomorrow
ยังล่าไม่ครบ ,Hunt not finished: need 
วันนี้แลก Spirit Shard ไปแล้ว — กลับมาใหม่พรุ่งนี้,Today's shard trade is already done — come back tomorrow
Spirit Shard ไม่พอ — ต้องมี ,Not enough — you need 
 ชิ้นในกระเป๋า, Spirit Shards in your bag
แลก Spirit Shard รายวันแล้ว,Daily shard trade done
แลก Spirit Shard,Spirit Shard Trade
พก Spirit Shard ,Hold 
แล้วนำมาแลก Refine Stone ได้วันละครั้ง,then trade them for Refine Stones once a day
แลกของวันนี้แล้ว — กลับมาแลกใหม่พรุ่งนี้,Today's trade is done — trade again tomorrow
Spirit Shard ครบแล้ว — กดแลกรางวัลได้เลย,Shards ready — trade for your reward
เมื่อกดแลก Spirit Shard ,Trading takes 
 ชิ้นจะถูกหักจากกระเป๋า · แลกได้วันละครั้ง, Spirit Shards from your bag · once a day
สะสม Spirit Shard,Gather Spirit Shards
 — ออกจากวงเวทก่อนระเบิด!, — get out of the magic circle before it erupts!
ฟันเป้าหมายเดียว · ทำดาเมจเพิ่มตาม MaxHP ศัตรู · คูลดาวน์เท่าความเร็วโจมตี (ASPD),Slash one target · extra damage from the enemy's MaxHP · cooldown equals attack speed (ASPD)
ระเบิดรอบตัว · คูลดาวน์ 1 วินาที,Explodes around the user · 1 second cooldown
ลดดาเมจกายภาพที่ได้รับและฟื้น HP ต่อเนื่อง,Reduces physical damage taken and steadily restores HP
 · คริติคอลคงที่ , · fixed critical chance 
แถบร่ายตัวเอง + แถบร่าย ,own cast bar + cast bar of 
 + 0.3 วินาที, + 0.3 seconds
 · จบแถบร่ายแล้วใช้สกิลอื่นต่อได้เลย, · other skills can be used once the cast bar ends
 กับเป้าที่ติดสถานะ , vs. targets afflicted with 
% (ไม่นับค่าคริของตัวละคร),% (ignores the character's own critical rate)
เมื่อสังหารด้วยสกิลนี้ได้รับ ,to gain on a kill with this skill: 
กระเด็นถอยหลัง ,to knock the target back 
 ช่อง, cells
โจมตีซ้ำอีก 1 ฮิต,to strike again for 1 extra hit
% ต่อวินาที,% per second
 · Hit และ ASPD −, · Hit and ASPD −
ฝนลูกธนู ,Rain of arrows 
 ฮิต · พื้นที่วงกลมกว้าง 7 ช่อง · ระยะ , hits · 7-cell-wide circle · range 
 ฮิต · ระยะ , hits · range 
 · ดาเมจที่ศัตรูทำ −, · enemy damage −
ดาเมจที่ทำ −,Damage dealt −
% × 2 ฮิต ,% × 2 hits 
ลดดาเมจกายภาพและเวท ,Reduces physical and magic damage by 
ลดดาเมจกายภาพ ,Reduces physical damage by 
 วินาที · ฟื้น HP , s · restores HP 
% ต่อวินาที (สูงสุด ,% per second (max 
ถูกไฟเผา เสีย HP ต่อเนื่องทุกวินาที,On fire: losing HP every second
ขยับ โจมตี และร่ายไม่ได้,"Cannot move, attack or cast"
ถูกแช่แข็ง ขยับไม่ได้,Frozen solid: cannot move
เปลวไฟลามติดตัว แผดเผาพลังชีวิตไม่หยุด,"Flames cling to the body, searing life away without pause"
แรงกระแทกทำให้มึนงง ร่างกายไม่ตอบสนอง,The impact leaves you dazed; the body will not answer
น้ำแข็งเกาะทั่วร่าง ขยับไม่ได้แม้แต่ปลายนิ้ว,Ice coats the whole body; not even a fingertip will move
ม่านเงาบดบังสายตา จับจังหวะโจมตีไม่ถูก,A veil of shadow clouds the eyes; every swing is mistimed
ฟื้น HP ,Restores HP 
โจมตีพลาด +,Miss chance +
ติดสถานะ ขยับไม่ได้ — ใช้สกิลไม่ได้ชั่วคราว,Disabled — skills cannot be used right now
สเตตัสที่สุ่มติด (เฉพาะชิ้นที่ดรอป),Rolled stats (dropped pieces only)
แหวนซ้าย (accessory1): CRIT = (1–3) × ขั้น หรือ ASPD +,"Left Ring (accessory1): CRIT = (1–3) × tier, or ASPD +"
 ตามขั้น (โอกาส , by tier (chance 
 ต่อชิ้น — เป็นอุปกรณ์ดรอปชิ้นเดียวที่ให้ ASPD) · แหวนขวา (accessory2): MATK = (1–3) × ขั้น และ SP = (5–15) × ขั้น (สุ่มแยกจาก MATK), per piece — the only dropped gear that grants ASPD) · Right Ring (accessory2): MATK = (1–3) × tier and SP = (5–15) × tier (rolled separately from MATK)
สเตตัสหลัก: สุ่มมา 1 ตัว (มีโอกาส ,Primary stats: 1 is rolled (chance 
 ได้ 2 ตัว) ตัวละ (1–3) × ขั้น — สุ่มจากกองที่ตรงกับสายของชิ้นนั้น ไม่ใช่ทั้ง 6 ตัวเสมอไป," to get 2), each (1–3) × tier — drawn from the pool that matches the piece's build, not always all 6"
"  • อาวุธตี (ดาบสุ่มสเตตัส, Knife, Sword, Falchion, Blade, Dagger Pair, Hammer, Bow): ","  • Physical weapons (Random-Stat sword, Knife, Sword, Falchion, Blade, Dagger Pair, Hammer, Bow): "
"  • อาวุธเวท (Rod, Staff): ","  • Caster weapons (Rod, Staff): "
 · อาวุธกึ่งเวท (Quarterstaff): , · Hybrid weapons (Quarterstaff): 
  • แหวนซ้ายและลูกธนู: ,  • Left Ring and Arrows: 
  • แหวนซ้าย: ,  • Left Ring: 
 · ลูกธนู: , · Arrows: 
 · แหวนขวา: , · Right Ring: 
  • เกราะ หมวก โล่ ผ้าคลุม รองเท้า แว่นตา ผ้าพันคอ (ไม่ผูกกับสายใด): ,"  • Armor, Hat, Shield, Garment, Shoes, Glasses, Scarf (tied to no build): "
 เท่า แล้วแบ่งให้ ," times, then split between "
 อาชีพเท่า ๆ กันก่อน ค่อยแบ่งต่อในอาวุธของอาชีพนั้น ทุกอาชีพจึงได้อาวุธของตัวเองเท่ากันพอดี ไม่ว่าอาชีพนั้นจะมีอาวุธกี่ชื่อ," classes in equal parts, and each class's part is then split between the weapons it owns, so every class finds its own weapon exactly as often as any other, no matter how many weapon names it has"
ช่องมือขวาแบ่งให้ ,The right hand is split between 
 อาชีพเท่า ๆ กัน = , classes in equal parts = 
 ต่ออาชีพ · มอนที่ถนัดช่องมือขวา = , per class · a monster that favors the right hand = 
 ต่ออาชีพ, per class
อาชีพที่มีอาวุธหลายชื่อจะแบ่งส่วนของตัวเองต่ออีกที (,A class that owns several weapon names splits its own part again (
) รวมแล้วโอกาสได้อาวุธที่ใส่ได้เท่ากันทุกอาชีพ,"), so the chance of finding a wearable weapon comes out the same for every class"
ช่องนี้แบ่งให้ ,This slot is split between 
 อาชีพเท่า ๆ กัน แล้วแบ่งต่อในอาวุธของอาชีพนั้น," classes in equal parts, then between that class's own weapons"
ช่องนี้แบ่งเท่า ๆ กันเป็น ,This slot is split evenly into 
ไม่พบคำสั่ง Gold นี้ในตลาด,That Gold order is no longer on the exchange
ราคาบนกระดานเปลี่ยนไปแล้ว เปิดกระดานใหม่อีกครั้ง,The board has changed since you opened it — open it again
ติดต่อตลาดกลางไม่ได้ ลองใหม่อีกครั้ง,Cannot reach the market right now — please try again
ตลาดกลางส่งคืนของที่ค้างอยู่: ,The market is returning what it owed you: 
ผลจากคำสั่ง Gold ของคุณ,From your order on the Gold exchange
คืนหลักประกันจากตลาด Gold,Escrow returned from the Gold exchange
คืน Silver จากกระดานอุปกรณ์,Silver returned from the gear board
 รออยู่บนกระดาน, is waiting on the board
เก็บอุปกรณ์เข้ากระเป๋าไม่ได้ (กระเป๋าอุปกรณ์เต็มหรือออกจากเกมไปก่อน),"The piece could not go into your bag (the gear bag was full, or you left the game first)."
ฝากไว้บนกระดานอุปกรณ์ในชื่อของคุณแล้ว ถอดคืนได้ที่นายหน้าตลาดทุกภูมิภาค: ,It is parked on the gear board in your name — take it back down at the market broker in any region: 
คืนอุปกรณ์เข้ากระเป๋าแล้ว เพราะกระดานรับไม่ได้: ,Put back in your bag — the board would not take it: 
ยังไม่ได้ตั้งลำดับ · กดสกิลด้านล่างเพื่อเพิ่มทีละขั้น · ใส่สกิลเดิมซ้ำได้,No order set yet · tap a skill below to add one step at a time · the same skill may repeat
ตั้งลำดับสกิลเอง (ร่ายวนตามลำดับ),Set the skill order yourself (cast on a loop)
ร่ายไล่ตามลำดับที่ตั้งไว้แล้ววนกลับมาเริ่มใหม่ · ขั้นที่ยังคูลดาวน์หรือ SP ไม่พอจะข้ามไปขั้นถัดไป · เริ่มลำดับใหม่ทุกครั้งที่เปลี่ยนเป้าหมาย,"Casts down the order you set, then starts it again · a step still cooling down or short of SP is skipped · the order starts over on every new target"
ใช้เฉพาะสกิลอาชีพปัจจุบันที่เรียนแล้ว · ร่ายไล่ตามลำดับแล้ววนซ้ำจนมอนสเตอร์ตาย,Only learned skills of your current class · casts down the order and repeats it until the monster dies
ขั้นที่ยังคูลดาวน์ SP ไม่พอ หรือไกลเกินระยะ จะถูกข้าม ไม่รอ,"A step still cooling down, short of SP or out of range is skipped, never waited for"
ขั้นที่ยังคูลดาวน์หรือ SP ไม่พอ จะถูกข้าม ไม่รอ · สกิลที่ระยะสั้นกว่าที่ยืนอยู่ (เช่น Leap Shot) บอทจะเดินเข้าไปใกล้แล้วร่าย,"A step still cooling down or short of SP is skipped, never waited for · a skill with a shorter range than where you stand (e.g. Leap Shot) makes the bot walk in close, then cast"
ลำดับว่างเปล่า = บอทไม่ร่ายสกิลเลย · ใส่สกิลเดิมซ้ำกี่ขั้นก็ได้ · สูงสุด ,An empty order means no skills at all · the same skill may repeat as many times as you like · up to 
ตลาดกลางตอบช้า กำลังยืนยันรายการให้ อย่าเพิ่งสั่งซ้ำ,"The market is slow to answer — your order is being confirmed, do not send it again yet"
ตลาดกลางรับคำสั่ง Gold ของคุณแล้ว,The market has taken your Gold order
คืน ${itemName(order.item)} × ${order.quantity},Return item
คืนอุปกรณ์จากตลาด ${batch.length} ชิ้น,Return gear from the market
ประกาศขายครบกำหนดแล้ว ตลาดกลางส่งสินค้าคืนให้คุณ,The listing expired and the market returned your items
ประกาศขายครบกำหนดแล้ว ตลาดกลางส่งอุปกรณ์คืนให้คุณ,The listing expired and the market returned your gear
(บอสโลกรับ 1/10),(world bosses take 1/10)
(บอสโลกไม่ติด),(world bosses are immune)
(บอสโลกไม่ถูกยั่วยุ),(world bosses are not taunted)
ของรางวัลรายวัน (Daily Rewards),Daily Rewards
เช็กอิน 30 วัน เควสต์ล่ารายวัน และการบูชา Spirit Shard,"The 30-day check-in sheet, the daily hunt quest and the soul shard offering"
ระบบปาร์ตี้ (Party),Party System
โบนัส EXP และอัตราดรอปตามจำนวนคนในแมพเดียวกัน,EXP and drop-rate bonuses from party members on the same map
กระเป๋า คลังฝากของ และตลาดผู้เล่น,"Bag, Storage and the Player Market"
น้ำหนักที่แบกได้ ช่องคลัง ค่าธรรมเนียมและภาษีตลาด,"Carrying weight, storage slots, market fees and tax"
Premium และ Gold,Premium and Gold
โบนัส Premium ราคาแพ็ก และกระดานแลก Gold,"Premium bonuses, pack prices and the Gold exchange"
วันในเกมตัดรอบเที่ยงคืนเวลาไทย (UTC+7) ทุกอย่างในหัวข้อนี้รีเซ็ตพร้อมกัน,The in-game day turns over at midnight Thailand time (UTC+7); everything in this section resets together
1) เช็กอินรายวัน,1) Daily check-in
กดรับได้วันละครั้ง แผ่นเช็กอินนับ,Claim once a day. The sheet counts 
จำนวนครั้งที่กดรับ ไม่ใช่สตรีค,"how many times you claimed, not a streak"
ขาดวันไปก็ไม่รีเซ็ต กลับมากดต่อจากวันเดิมได้เลย ครบ," — missing a day resets nothing, you simply carry on from the same day. After "
วันแล้วเริ่มแผ่นใหม่ · วันที่, days a fresh sheet begins · Days 
2) เควสต์ล่ารายวัน และการบูชา,2) The daily hunt and the offering
Refine Stone หาได้จากสองทางนี้และจากการดรอปเท่านั้น และการตีบวกหนึ่งครั้งกินหนึ่งก้อน,"Refine Stones come only from these two tasks and from drops, and every refine attempt burns one"
วันละครั้ง (ยอดค้างไม่ทบวัน),Once a day (progress does not carry over)
บูชา Spirit Shard,Soul shard offering
EXP/Drop +2% ต่อสมาชิกในแผนที่เดียวกันที่เลเวลห่างคุณไม่เกิน 10,EXP/Drop +2% per member on the same map within 10 levels of you
(แต่ละคนนับของตัวเอง) และต้องนับได้อย่างน้อย 2 คนจึงเริ่มมีผล — พาตัวเลเวลต่ำมายืนเฉย ๆ ไม่ได้โบนัส," levels of you (each member counts from their own level), and at least 2 must qualify for any of it to apply — a low-level tag-along earns no bonus"
คนรวมหัวหน้า โบนัสนับเฉพาะสมาชิกที่," members, leader included. Bonuses count only the members "
ตอนนั้น และต้องอยู่ด้วยกันอย่างน้อย 2 คนจึงเริ่มมีผล," at that moment, and at least 2 of you must be together for any of it to apply"
โบนัส EXP = จำนวนคนที่อยู่ด้วยกัน ×,EXP bonus = members together × 
โบนัสอัตราดรอป = จำนวนคนที่อยู่ด้วยกัน ×,Drop-rate bonus = members together × 
โบนัส EXP,EXP bonus
STR เพิ่มให้ +30 ต่อแต้ม · ของหนักเกินหยิบของใหม่ไม่ได้,"STR adds +30 per point · overweight, you cannot pick anything else up"
ฝาก/ถอนที่ NPC คลังใน Aurelia Forum เท่านั้น,Deposit and withdraw only at the storage NPC in Aurelia Forum
วัน · ของขายได้และเงินทอนส่งมาทางจดหมาย, days · market sales and refunds arrive as letters
ค่าธรรมเนียมวางคำสั่งขาย =,Fee to place a sell order = 
ของมูลค่าคำสั่ง (เก็บตอนวาง), of the order's value (charged on placing)
ภาษีขายเมื่อซื้อขายสำเร็จ =,Sales tax on a completed trade = 
ของยอดขาย · ผู้เล่น Premium จ่ายครึ่งเดียว =, of the sale · a Premium seller pays half = 
NPC ทั้งห้าคน (พ่อค้า ช่างตีเหล็ก คลังฝากของ อาจารย์สเตตัส และนายหน้าตลาด) ยืนอยู่รอบน้ำพุใน Aurelia Forum เดินเข้าไปใกล้แล้วกดคุยได้เลย,"All five NPCs (merchant, blacksmith, storage, stat master and market broker) stand around the fountain in Aurelia Forum — walk up and talk"
Premium เป็นบัฟตามระยะเวลา ไม่มีไอเทมหรือสเตตัสที่ซื้อแล้วแรงกว่าคนอื่น: +,Premium is a timed buff — nothing bought makes an item or a stat stronger than anyone else's: +
"Base EXP (Job EXP ขึ้นตาม), +"," Base EXP (Job EXP rises with it), +"
น้ำหนักที่แบกได้ และลดภาษีขายในตลาดลงครึ่งหนึ่ง," carrying weight, and half the market's sales tax"
ตอนนี้ยังไม่เปิดชำระเงินจริง ซื้อด้วย Gold ในเกมได้ตามปกติ,real-money checkout is not open yet; buying with in-game Gold works as usual
แพ็ก Premium,Premium pack
ราคา Gold,Price in Gold
ราคา (บาท),Price (THB)
แพ็ก Gold,Gold pack
Gold แลกเปลี่ยนกับ Silver ระหว่างผู้เล่นได้ที่กระดานแลก Gold โดยวางคำสั่งค้างไว้พร้อมกันได้คนละ,"Gold trades against Silver between players on the Gold exchange, where each player may keep up to "
พาสซีฟ · ATK +4% ต่อระดับเมื่อถืออาวุธประชิด (สูงสุด +40%) · ดาเมจต่อศัตรูที่ติดสตันหรือไฟไหม้ +40% · เพิ่มเฉพาะการโจมตีกายภาพ ไม่นับเวท,"Passive · ATK +4% per rank with a melee weapon (up to +40%) · +40% damage to stunned or burning enemies · physical attacks only, not magic"
พาสซีฟ · DEF และ MDEF +2 ต่อระดับ (สูงสุด +20),Passive · DEF and MDEF +2 per rank (up to +20)
พาสซีฟ · ATK และ MATK +2% ต่อระดับ (สูงสุด +20%),Passive · ATK and MATK +2% per rank (up to +20%)
 · ขยับไม่ได้ · รับดาเมจเวท +, · cannot move · magic damage taken +
 · โอกาสฮิตเพิ่ม , · Extra-hit chance 
 ฮิต , hits 
 ฮิต · , hits · 
 · ระยะ , · Range 
ร่าย ,Cast 
 วินาที (DEX ลดได้), s (reduced by DEX)
ได้รับดาเมจเวท +,Magic damage taken +
ใช้สกิลที่ระดับต่ำกว่าที่เรียนเพื่อประหยัด SP,Cast the skill below its learned rank to spend less SP
ใช้ที่ Lv.,Cast at Lv.
เลือกระดับสกิลได้ตั้งแต่ 1 ถึงระดับที่เรียนไว้,Pick a rank from 1 up to the rank learned
EXP x2 ทั้ง Base และ Job นาน 1 ชั่วโมง · ผูกกับตัวละคร ซื้อขายและเทรดไม่ได้,"Base and Job EXP x2 for 1 hour · Character-bound: cannot be bought, sold or traded"
โอกาสดรอปไอเท็ม x2 นาน 1 ชั่วโมง · ผูกกับตัวละคร ซื้อขายและเทรดไม่ได้,"Item drop chance x2 for 1 hour · Character-bound: cannot be bought, sold or traded"
 นาน 1 ชั่วโมง, for 1 hour
 ผูกกับตัวละคร เทรดให้กันไม่ได้, is character-bound and cannot be traded
ได้รับ EXP x,Gain EXP x
 ทั้ง Base และ Job, on both Base and Job
โอกาสดรอปไอเท็ม x,Item drop chance x
Base EXP และ Job EXP x,Base EXP and Job EXP x
ของที่มอนสเตอร์ดรอป x,Everything monsters drop x
อักขระบนม้วนคัมภีร์เรืองแสง ทุกประสบการณ์ที่ได้รับทวีคูณ,"The runes on the scroll glow, and every scrap of experience counts double"
โชคลาภจับจ้องมาที่ตัวคุณ ของที่มอนสเตอร์ทิ้งไว้ร่วงถี่ขึ้นเท่าตัว,Fortune has its eye on you: monsters leave twice as much behind
EXP Scroll และ Drop Scroll อย่างละ 5 ม้วน สำหรับทดสอบก่อนเปิดใช้จริง · ใช้แล้วได้บัฟนาน 1 ชั่วโมง · ไอเทมนี้ผูกกับตัวละคร ซื้อขายและเทรดไม่ได้,"Five EXP x2 scrolls and five Drop x2 scrolls, for testing before the feature opens · Each gives an hour of the buff · Character-bound: they cannot be bought, sold or traded"
ของขวัญ: EXP Scroll และ Drop Scroll,A gift: EXP x2 and Drop x2 scrolls
เครื่องนี้เข้าเกมพร้อมกันได้สูงสุด ,This device can play at most 
 ไอดี, accounts at once
 · ออกจากเกมในไอดีอื่นก่อน แล้วคลิกเพื่อลองใหม่," · Sign out of another account first, then click to retry"
EXP x2 ทั้ง Base และ Job นาน 1 ชั่วโมง · ใช้ซ้ำเพื่อต่อเวลาได้สูงสุด 5 ชั่วโมง · ตายแล้วบัฟไม่หาย · ผูกกับตัวละคร ซื้อขายและเทรดไม่ได้,"Base and Job EXP x2 for 1 hour · Drink more to stack the time, up to 5 hours · The buff survives death · Character-bound: cannot be bought, sold or traded"
โอกาสดรอปไอเท็ม x2 นาน 1 ชั่วโมง · ใช้ซ้ำเพื่อต่อเวลาได้สูงสุด 5 ชั่วโมง · ตายแล้วบัฟไม่หาย · ผูกกับตัวละคร ซื้อขายและเทรดไม่ได้,"Item drop chance x2 for 1 hour · Drink more to stack the time, up to 5 hours · The buff survives death · Character-bound: cannot be bought, sold or traded"
เวลาบัฟเต็มเพดาน 5 ชั่วโมงแล้ว,The buff is already at its 5-hour ceiling
 นาที, min
📢 อ่านรายละเอียดและแพตช์โน้ตย้อนหลังทั้งหมดได้ที่หน้า /changelog/,📢 Read the details and every past patch note on the /changelog/ page
ไม่ได้รับคำตอบจากเซิร์ฟเวอร์ ตรวจสอบกระเป๋าก่อนลองใหม่,No answer from the server. Check your bag before trying again.
ไม่ได้รับผลจากเซิร์ฟเวอร์ ตรวจสอบอุปกรณ์ในกระเป๋าก่อนลองใหม่,No result from the server. Check the gear in your bag before trying again.
กล่องจดหมายยังไม่ตอบ ระบบจะส่งของเข้ากระเป๋าให้อัตโนมัติเมื่อเชื่อมต่อได้,The mailbox has not answered yet. Your items will be delivered to your bag automatically once it reconnects.
กำลังตั้งขาย…,Listing…
กำลังส่งรายการไปที่ตลาด…,Sending your listing to the market…
นำอุปกรณ์ออก ,Withdrew 
 · เหลือในคลัง , · still in storage: 
 ชิ้น (กระเป๋าเต็มหรือน้ำหนักเกิน), (bag full or overweight)
กระเป๋าเต็มหรือน้ำหนักเกิน รับของจากจดหมายไม่ได้ · เคลียร์กระเป๋าก่อนแล้วกดรับใหม่,"Bag full or overweight — the letter cannot be collected. Make room, then collect again."
รับของได้บางฉบับ · ที่เหลือกระเป๋าเต็มหรือน้ำหนักเกิน เคลียร์กระเป๋าก่อนแล้วกดรับอีกครั้ง,"Some letters were collected · the rest need room: bag full or overweight. Make room, then collect again."
กระเป๋าเต็มหรือน้ำหนักเกิน ซื้ออุปกรณ์ชิ้นนี้ไม่ได้,Bag full or overweight — this piece cannot be bought
กระเป๋าเต็ม ส่งของคืนทางจดหมาย,Bag full — items returned by mail
รับไอเทมจากจดหมายไม่ได้เพราะกระเป๋าเต็มหรือน้ำหนักเกิน · เคลียร์กระเป๋าแล้วกดรับใหม่ได้เลย,The items could not go into your bag (full or overweight) · make room and collect this letter again
กระเป๋าเต็มหรือน้ำหนักเกิน ไอเทมถูกส่งกลับเข้ากล่องจดหมาย,Bag full or overweight — the items went back to your mailbox
 · กระเป๋าเต็ม ส่งทางจดหมาย," · bag full, sent by mail"
กระเป๋าเต็มหรือน้ำหนักเกิน ไอเทมถูกส่งเข้ากล่องจดหมายแทน,Bag full or overweight — the items were sent to your mailbox instead
เก็บอุปกรณ์เข้ากระเป๋าไม่ได้ (กระเป๋าเต็ม น้ำหนักเกิน หรือออกจากเกมไปก่อน),"The piece could not go into your bag (bag full, overweight, or you left the game first)"
เลเวลห่างเกิน ,Level gap over 
 — ไม่ได้แบ่ง EXP และไม่นับโบนัสปาร์ตี้, — no EXP share and no party bonus
 · EXP หารเท่ากันกับสมาชิกในแมพเดียวกัน , · EXP is split evenly with members on the same map 
(เลเวลห่างไม่เกิน ,(level gap up to 
EXP หารเท่ากันในปาร์ตี้ · EXP/Drop +2% ต่อสมาชิกในแผนที่เดียวกัน ,Party EXP is split evenly · EXP/Drop +2% per member on the same map 
EXP หารเท่ากันทั้งปาร์ตี้ · +2%/คน (สูงสุด ,EXP split evenly across the party · +2% each (up to 
 = ไม่ได้แบ่ง EXP/ไม่นับโบนัส, = no EXP share or bonus
EXP หารเท่ากัน: มอนที่ปาร์ตี้ตีตาย แบ่ง EXP เท่า ๆ กันให้สมาชิกทุกคนในแมพเดียวกันที่ยังไม่ตาย ไม่ต้องตีเองก็ได้,"EXP is split evenly: a monster the party kills shares its EXP equally among every living member on the same map, even those who did not hit it"
ได้ส่วนแบ่งและนับโบนัสเฉพาะคนที่เลเวลใกล้กับคนที่ตีมอนตัวนั้นหนักสุด ,Only members close in level to whoever hit that monster hardest share and count toward the bonus 
) · ต้องได้ส่วนแบ่งอย่างน้อย 2 คนถึงเริ่มมีผล,) · takes effect once at least 2 members share
 · การ์ดบอสที่หายากที่สุด, · The rarest boss card
 · ASPD จากการ์ดไม่ซ้อนกัน, · Card ASPD does not stack
ASPD +3 นาน 30 นาที · ใช้ได้ทุกเลเวล,ASPD +3 for 30 minutes · Usable at any level
ASPD +4 นาน 30 นาที · ต้องมี Base Lv.40 ขึ้นไป,ASPD +4 for 30 minutes · Requires Base Lv.40+
ASPD +5 นาน 30 นาที · ต้องมี Base Lv.85 ขึ้นไป,ASPD +5 for 30 minutes · Requires Base Lv.85+
ASPD ถึงสูงสุด 193 แล้ว,ASPD is already at the 193 cap
ส่วนที่เกิน 180 ได้ครึ่งเดียว,past 180 only half counts
 นาน 30 นาที (ยา +, for 30 minutes (potion +
ASPD +3 นาน 30 นาที · ส่วนที่ทำให้ ASPD เกิน 180 ได้ครึ่งเดียว และ ASPD สูงสุด 193 · ใช้ได้ทุกเลเวล,"ASPD +3 for 30 minutes · Points past ASPD 180 count half, and ASPD caps at 193 · Usable at any level"
ASPD +4 นาน 30 นาที · ส่วนที่ทำให้ ASPD เกิน 180 ได้ครึ่งเดียว และ ASPD สูงสุด 193 · ต้องมี Base Lv.40 ขึ้นไป,"ASPD +4 for 30 minutes · Points past ASPD 180 count half, and ASPD caps at 193 · Requires Base Lv.40+"
ASPD +5 นาน 30 นาที · ส่วนที่ทำให้ ASPD เกิน 180 ได้ครึ่งเดียว และ ASPD สูงสุด 193 · ต้องมี Base Lv.85 ขึ้นไป,"ASPD +5 for 30 minutes · Points past ASPD 180 count half, and ASPD caps at 193 · Requires Base Lv.85+"
โจมตีเร็วขึ้นชั่วคราว (ยา ASPD +3 ถึง +5 · ส่วนที่เกิน 180 ได้ครึ่งเดียว สูงสุด 193),"Attack speed up for a while (ASPD potion +3 to +5 · past 180 only half counts, cap 193)"
ส่วนที่ทำให้ ASPD เกิน 180 ได้ครึ่งเดียว · ASPD สูงสุด 193,Points past ASPD 180 count half · ASPD caps at 193
ย่อยไม่ได้ — ถอดออก ปลดล็อก หรือเป็นของจากร้านไอเทม,"Can't salvage — unequip or unlock it first, or it is an Item Mall piece"
พาสซีฟ · FLEE +2% และ Perfect Dodge +1 ต่อระดับ (สูงสุด FLEE +20% / Perfect Dodge +10) · ความเร็ววิ่ง +1.5% ต่อระดับ (สูงสุด +15%),Passive · FLEE +2% and Perfect Dodge +1 per level (max FLEE +20% / Perfect Dodge +10) · Move speed +1.5% per level (max +15%)
โจมตีเร็วขึ้นชั่วคราว (ยา ASPD +3 ถึง +5),Attack speed up for a while (ASPD potion +3 to +5)
 นาน 30 นาที, for 30 minutes
 และ Refine Stone ×, and Refine Stone ×
ย่อย ,Salvaged 
 ได้ Spirit Shard ×, for Spirit Shard ×
ย่อยอุปกรณ์: ได้ Spirit Shard ตามขั้นของไอเทม และมีโอกาสได้ Refine Stone (ขั้น II 5% · III 15% · IV 30% · V 50%) · ไอเทมและการ์ดที่ใส่จะหายถาวร,Salvage: get Spirit Shards by the item's tier and a chance at a Refine Stone (tier II 5% · III 15% · IV 30% · V 50%) · The item and its socketed card are lost for good
? ไอเทมและการ์ดที่ใส่จะหายถาวร,? The item and its socketed card will be lost for good
ได้ Spirit Shard ×,Gives Spirit Shard ×
 · โอกาส Refine Stone , · Refine Stone chance 
ไม่สนใจ DEF ของเป้าหมายตามเปอร์เซ็นต์,Ignores this percent of the target's DEF
ไม่สนใจ MDEF ของเป้าหมายตามเปอร์เซ็นต์,Ignores this percent of the target's MDEF
ฟื้น HP ตามเปอร์เซ็นต์ของดาเมจที่ทำ,Heals HP by this percent of the damage dealt
เลือกอุปกรณ์ (1 ช่องต่อชิ้น · ชิ้นที่มีการ์ดแล้วใส่ทับได้),Choose a piece (1 slot each · a carded piece can take a new card over the old one)
การ์ดจะถูกใช้ 1 ใบ ฝังแล้วถอดคืนไม่ได้ · ใส่ทับแล้วการ์ดเดิมหายถาวร,Uses 1 card; a socketed card cannot be removed · Overwriting destroys the old card for good
: การ์ดเดิมจะหายถาวร ใส่ทับเลยไหม?,: the old card will be destroyed for good. Overwrite it?
 · การ์ดเดิมที่จะหายถาวร: , · Old card to be destroyed: 
 · ใส่การ์ดนี้อยู่แล้ว, · Already has this card
Silver หลังซื้อ,Silver after purchase
Auto Play หยุด — น้ำหนักเกิน 90% กลับไปขายของก่อน,"Auto Play stopped — over 90% weight, go sell first"
น้ำหนักเกิน 90% — โจมตีและใช้สกิลไม่ได้ กลับไปขายของก่อน,"Over 90% weight — cannot attack or use skills, go sell first"
น้ำหนักต่ำกว่า 50% — HP/SP ฟื้นตามปกติ,Weight under 50% — HP/SP recover normally
น้ำหนัก 50% ขึ้นไป — HP/SP ไม่ฟื้นเอง,Weight at 50% or more — HP/SP no longer recover on their own
น้ำหนักเกินลิมิต — เดินช้าลงครึ่งหนึ่ง โจมตีและใช้สกิลไม่ได้,"Over the weight limit — walking at half speed, cannot attack or use skills"
เกาะภูเขาไฟนอกชายฝั่งทะเลทราย ธารลาวาไหลลงสู่ทะเลสาบเพลิงกลางปล่อง เถ้าถ่านปกคลุมทุกย่างก้าว มีเพียงผู้ที่ผ่านธารน้ำแข็งมาแล้วเท่านั้นที่ควรเหยียบขึ้นมา,A volcanic island off the desert coast. Lava rivers pour into a lake of fire inside the crater and ash covers every step. Only those who have already crossed the glacier should set foot here.
ไฟที่ไม่เคยดับ รอผู้กล้าที่ไม่เคยถอย,A fire that never dies awaits a hero who never retreats
ปล่องภูเขาไฟ Lv.175–195 →,Emberfall Caldera Lv.175–195 →
ปล่องภูเขาไฟ · Lv.175–195,Volcano · Lv.175–195
← ทะเลทราย Lv.50–70,← Sunscar Desert Lv.50–70
เกาะทุ่งหญ้ามืดทางเหนือของหนองน้ำ หมอกสีเขียวซีดลอยต่ำเหนือหลุมศพและบึงดำ วิญญาณที่ไม่ได้พักยังเดินเฝ้าสุสานเก่าอยู่ทุกค่ำคืน,"A dark heath island north of the marsh. Pale green mist hangs low over graves and black bogs, and restless spirits still guard the old cemetery every night."
หมอกไม่เคยจาง เพราะคนตายไม่เคยหลับ,"The mist never lifts, for the dead never sleep"
เกาะคริสตัลทางใต้ของป่าเริ่มต้น ผลึกอเมทิสต์ขนาดยักษ์งอกทั่วผืนหิน บ่อพลังเวทสีม่วงเรืองแสงดึงดูดสัตว์ที่กินผลึกเป็นอาหาร,"A crystal island south of the starting forest. Giant amethyst crystals grow across the rock, and glowing violet mana pools draw beasts that feed on crystal."
ความงามที่เปล่งแสง คือความอันตรายที่ซ่อนคม,Beauty that shines is danger with a hidden edge
ยอดเขาเหนือช่องเขาหิมะที่มีพายุฟ้าคะนองไม่เคยหยุด หุบเหวลึกแยกผาหินออกจากกัน มีเพียงนักผจญภัยที่แข็งแกร่งที่สุดเท่านั้นที่ขึ้นมาถึงที่นี่,"Peaks above the snowy pass where the thunderstorm never ends. Deep chasms split the cliffs apart, and only the strongest adventurers ever reach the top."
บนยอดสุดของโลก ฟ้าผ่าคือเสียงต้อนรับ,"At the top of the world, thunder is the welcome"
โพรงคริสตัล Lv.225–245 ↓,Amethyst Hollows Lv.225–245 ↓
ยอดเขาพายุ Lv.250–270 ↑,Stormcrest Peaks Lv.250–270 ↑
ทุ่งหมอกวิญญาณ Lv.200–220 ↑,Gloomveil Moor Lv.200–220 ↑
หนองน้ำ Lv.75–95 ↓,Mirewillow Marsh Lv.75–95 ↓
ป่าเริ่มต้น Lv.1–20 ↑,Verdant Forest Lv.1–20 ↑
ทุ่งหมอกวิญญาณ · Lv.200–220,Haunted Moor · Lv.200–220
โพรงคริสตัล · Lv.225–245,Crystal Hollows · Lv.225–245
ยอดเขาพายุ · Lv.250–270,Storm Peaks · Lv.250–270
ASPD จากการ์ดไม่ซ้อนกัน,Card ASPD does not stack
FLEE จากอุปกรณ์และการ์ดช่วยหลบมอนสเตอร์รวมได้ไม่เกิน ,Gear and card FLEE: monster dodge capped at 
MDEF ลดเฉพาะดาเมจเวท เช่นสกิลธาตุของมอนสเตอร์ ไม่ลดการตีปกติ,"MDEF only reduces magic damage, such as monster element skills, not normal attacks"
ดูดเลือดฟื้นไม่เกิน ,Lifesteal heals at most 
% ของ MaxHP ต่อครั้ง,% of MaxHP per hit
ติดแข็งเฉพาะการโจมตีปกติ บอสไม่ติด,Freezes on basic attacks only; bosses are immune
ความเร็ววิ่งนับรวมกับ Fleet Foot,Move speed cap includes Fleet Foot
 (รวมสูงสุด , (total cap 
กันแตก ,Protects 
 ครั้ง, times
"เพิ่ม Hit, ATK (ธนู · คุไน) และลดเวลาร่าย","Increases Hit, ATK (bows · kunai) and reduces cast time"
ระยะไกล · ATK คิดจาก DEX,Ranged · ATK from DEX
ASPD พื้นฐาน,Base ASPD
×2 ขณะถือ,×2 while held
สองมือ · ใส่โล่ไม่ได้ (ใส่ quiver ได้),Two-handed · no shield (a quiver still fits)
มือซ้ายไม่ว่าง (อาวุธสองมือ),Left hand busy (two-handed weapon)
ใส่ได้: ,Fits: 
สวมโล่ไม่ได้ · มือซ้ายถูกใช้โดยอาวุธสองมือ,Can't equip a shield · the left hand holds a two-handed weapon
ถือออร์บไม่ได้ · มือซ้ายถูกใช้โดยอาวุธสองมือ,Can't hold an orb · the left hand holds a two-handed weapon
ออร์บตีบวกแล้วได้ MATK เพิ่มบนไอเทม,Refining an orb adds MATK to the item
ดาวกระจายตีบวกแล้วได้ ATK เพิ่มบนไอเทม,Refining a shuriken adds ATK to the item
เลือกการ์ดที่จะฝัง (ช่องเต็มแล้ว ใส่ทับได้),"Choose a card to socket (slots full, it goes over the old card)"
คันธนูไม้เนื้อเหนียว ยิงศัตรูได้จากระยะไกล,A sturdy wooden bow that strikes enemies from range.
คุไนเคลือบพิษงู ขว้างโจมตีศัตรูจากระยะไกล,Poison-coated kunai thrown at enemies from range.
ลูกแก้วเวทเรืองแสง ถือมือซ้ายเสริมพลังเวท ไม่ใช่โล่,A glowing magic orb held in the left hand to boost spells. Not a shield.
ดาวกระจายอาบพิษ ถือมือซ้ายคู่คุไน เร่งความเร็วการขว้าง ไม่ใช่โล่,Venom-soaked throwing stars held in the left hand beside the kunai to speed up throws. Not a shield.
 โอนหัวหน้าปาร์ตี้ให้คุณแล้ว, made you the party leader
 โอนหัวกิลให้คุณแล้ว, made you the guild leader
ข้อความไม่ถูกส่ง — การเชื่อมต่อสิ้นสุดแล้ว กรุณาโหลดหน้าเกมใหม่,"Message not sent — the connection has ended, please reload the game"
ข้อความไม่ถูกส่ง — ค้างส่งเกิน 10 ข้อความ ข้อความเก่าสุดถูกทิ้ง,"Message not sent — more than 10 messages were waiting, the oldest was dropped"
ข้อความไม่ถูกส่ง — ตัวละครยังโหลดไม่เสร็จ กรุณารอสักครู่แล้วลองใหม่,"Message not sent — your character is still loading, wait a moment and try again"
ข้อความไม่ถูกส่ง — ส่งเร็วเกินไป กรุณารอสักครู่,"Message not sent — sending too fast, please wait a moment"
ข้อความปาร์ตี้ไม่ถูกส่ง — ยังไม่ได้พิมพ์ข้อความ,Party message not sent — nothing was typed
ส่งข้อความปาร์ตี้ไม่ได้ (เซิร์ฟเวอร์ไม่ตอบ) กรุณาลองใหม่,"Couldn't send the party message (the server did not answer), please try again"
ข้อความกิลไม่ถูกส่ง — ยังไม่ได้พิมพ์ข้อความ,Guild message not sent — nothing was typed
ข้อความไม่ถูกส่ง — เซิร์ฟเวอร์แชทไม่ตอบ กรุณาลองใหม่,"Message not sent — the chat server did not answer, please try again"
คลิก = เลือกจำนวน · Shift+คลิก = นำออกทั้งกอง · คลิกขวา = รายละเอียด,Click = choose amount · Shift+click = take out the whole stack · Right-click = details
เพิ่งเข้าเกม ไม่ได้รับดาเมจ 30 วินาที · หายทันทีเมื่อเริ่มโจมตี,Just entered the game: no damage for 30 seconds · ends the moment you attack
ไม่ได้รับดาเมจ · หายทันทีเมื่อเริ่มโจมตี,Takes no damage · ends the moment you attack
 · คลิกพื้นเพื่อเลือกจุดร่าย · Esc ยกเลิก, · Click the ground to pick where it lands · Esc to cancel
ดูด SP,SP Drain
ฟื้น SP ตามเปอร์เซ็นต์ของดาเมจที่ทำ,Restores SP by this percent of the damage dealt
ดูด SP ได้ทุกการโจมตีรวมสกิล อย่างน้อย 1 ต่อครั้ง ฟื้นไม่เกิน ,"SP Drain works on every attack including skills, at least 1 a hit, restoring at most "
% ของ MaxSP ต่อครั้ง,% of MaxSP per hit
สำรอง SP ไว้บัฟ/ฮีล,Keep SP for buffs/heals
สกิลโจมตีเมื่อ SP ≥,Attack skills when SP ≥
เปอร์เซ็นต์ SP ขั้นต่ำที่บอทจะใช้สกิลโจมตี,Minimum SP percent for the bot to use attack skills
SP ต่ำกว่าที่ตั้งไว้ บอทจะตีธรรมดาแทนสกิลโจมตี (โหมดใช้แต่สกิลจะยืนรอ SP) เก็บ SP ไว้ร่ายบัฟและฮีล · บัฟ/ฮีลยังใช้ได้ตามปกติ,"Below this SP the bot basic-attacks instead of using attack skills (skill-only mode waits for SP), saving SP for buffs and heals · buffs/heals still cast as usual"
สเตตัสที่กรอง สูงไปต่ำ,"Filtered stat, high to low"
ลบตัวกรอง ,Remove filter 
น้ำหนักในกระเป๋าถึงที่ตั้งไว้ บอทจะเลิกเดินไปเก็บของแต่ยังตีมอนต่อ · ถึง ,"Once your bag's weight reaches this, the bot stops walking to loot but keeps fighting · at "
% จะโจมตีไม่ได้ ตั้งต่ำกว่านั้นบอทก็ไม่ยืนโดนตีจนตายตอนเปิดทิ้งไว้,% it can no longer attack — set it lower so it won't stand there and die if left running overnight
ล็อกอยู่ · ปลดล็อกได้ในหน้าตั้งขาย,Locked · unlock it from the sell screen
อุปกรณ์จากร้าน Cash ผูกกับตัวละคร ตั้งขายไม่ได้,Cash Shop gear is bound to the character and cannot be listed for sale
ไอเทมนี้ล็อกอยู่ กดปลดล็อกก่อนตั้งขาย,This item is locked — unlock it before listing it for sale
ขายของหรือฝากคลังให้น้ำหนักต่ำกว่า 90% แล้วจะโจมตีได้ตามปกติ,"Sell items or store them to get under 90% weight, then you can attack normally"
 โจมตีและใช้สกิลไม่ได้ (HP/SP ฟื้นและเดินได้ตามปกติ), you cannot attack or use skills (HP/SP still regenerate and you can walk normally)
น้ำหนักต่ำกว่า 90% — โจมตีและใช้สกิลได้ตามปกติ,Under 90% weight — you can attack and use skills normally
เพิ่งลุกขึ้นในสนาม PVP ไม่ได้รับดาเมจ และทำดาเมจผู้เล่นอื่นไม่ได้ 3 วินาที,Just got up in the PVP Arena — immune to damage and cannot damage other players for 3 seconds
แสงคุ้มครองโอบร่างที่เพิ่งลุกขึ้น ทั้งป้องกันและผนึกอาวุธไว้ชั่วครู่,"A protective light wraps around you as you rise, shielding you and sealing your weapon for a moment"
ไม่ได้รับดาเมจ · ทำดาเมจผู้เล่นอื่นไม่ได้,Immune to damage · cannot damage other players
กลับป่าเริ่มต้น ↓,Back to the starting forest ↓
บัฟอย่างเดียว ไม่โจมตี,"Buff only, no attacking"
ยืนร่ายฮีล/บัฟของอาชีพปัจจุบันใส่ตัวเองและคนรอบตัวทุกครั้งที่หมด ไม่ตีมอนสเตอร์และไม่เดินเก็บของ · เหมาะกับ Cleric สายซัพพอร์ต,Stands still recasting the current class's heals and buffs on itself and everyone nearby whenever they run out; never attacks monsters or walks to loot · made for support Clerics
Auto Play · บัฟอย่างเดียว ไม่โจมตี,"Auto Play · Buff only, no attacking"
ตีมอนสเตอร์ Elite ★ ด้วย,Attack Elite ★ monsters too
ไม่ติ๊ก = บอทข้ามร่าง Elite ของทุกชนิด ตีเฉพาะตัวปกติ (Elite ตีแรง x2 · HP x4),Unchecked = the bot skips the Elite form of every species and attacks only normal ones (Elite hits x2 · HP x4)
อาวุธสองมือ · ถือด้วยมือซ้ายด้วย,Two-handed weapon · also held in the left hand
อาวุธสองมือ ใช้มือซ้ายด้วย,"Two-handed weapon, uses the left hand too"
เลือกอุปกรณ์ (1 ช่องต่อชิ้น · อาวุธสองมือที่ไม่ใช่ Bow มี 2 ช่อง · ชิ้นที่เต็มแล้วใส่ทับได้),Choose a piece (1 slot each · two-handed weapons other than the Bow have 2 · a full piece can take a new card over an old one)
ใส่ทับการ์ดใบไหน?,Which card should the new one replace?
สองมือ · ใส่โล่/ลูกธนูไม่ได้ · สเตตัสอาวุธ ×1.5 · การ์ด 2 ช่อง,Two-handed · no shield or quiver · weapon stats ×1.5 · 2 card slots
สองมือ · ใส่โล่ไม่ได้ (ใส่ลูกธนูได้),Two-handed · no shield (a quiver fits)
ต้องถือ Bow ก่อน,Needs a Bow first
ใส่ลูกธนูไม่ได้ · ต้องถือ Bow ก่อน,Can't equip a quiver · hold a Bow first
ใช้ใบเคลือบอาวุธธาตุที่เลือกเมื่อยังไม่ได้เคลือบธาตุนั้น (ครั้งละ 30 นาที) · ต้องมีใบในกระเป๋า · ถ้าเคลือบธาตุอื่นอยู่ จะถูกแทนด้วยธาตุที่เลือก,Uses a weapon coating of the chosen element whenever that element isn't on (30 min each) · needs scrolls in the bag · a coating of another element is replaced by the chosen one
ใช้ใบเคลือบเกราะธาตุที่เลือกเมื่อยังไม่ได้เคลือบธาตุนั้น (ครั้งละ 30 นาที) · ต้องมีใบในกระเป๋า · ถ้าเคลือบธาตุอื่นอยู่ จะถูกแทนด้วยธาตุที่เลือก,Uses an armor coating of the chosen element whenever that element isn't on (30 min each) · needs scrolls in the bag · a coating of another element is replaced by the chosen one
ผูกกับตัวละคร · สวมได้ตั้งแต่ Lv.1,Bound to character · wearable from Lv.1
 สวมไม่ได้ · ใช้ได้เฉพาะ , can't wear it · only for 
ต้องการ Lv.,Needs Lv.
 (ตอนนี้ Lv., (now Lv.
(ชิ้นที่ซื้อจากร้าน) · ชิ้นที่ดรอป: ,(shop copy) · dropped pieces: 
 หรือเลเวลของไอเทม แล้วแต่ค่าไหนสูงกว่า," or the item's own level, whichever is higher"
ทุกอาชีพสวมได้ตั้งแต่ Lv.1 ซื้อแล้วใส่ได้เลย · อาวุธแต่ละชิ้นใช้ได้เฉพาะอาชีพของสายนั้น,"every job can wear it from Lv.1, ready as soon as you buy · each weapon is only for its own job line"
 ซื้อ–ขายกับพ่อค้า Silver ได้จากทุกที่, buy and sell at the Silver merchant from anywhere
★ Premium · ซื้อ–ขายได้จากทุกที่,★ Premium · Buy and sell from anywhere
ป้องกันของแตก 1 ครั้ง,Prevent one item break
มี ${protectionCount.toLocaleString()} ก้อน,${protectionCount.toLocaleString()} stones
เลือกใช้ตอนตีบวกแบบไม่ปลอดภัย · ถ้าตีบวกล้มเหลวจะใช้ 1 ก้อนเพื่อป้องกันอุปกรณ์และการ์ดไม่ให้แตก · ผูกกับตัวละคร ซื้อขายและเทรดไม่ได้,"Select during unsafe refining · on failure, consumes one stone to prevent the equipment and its card from breaking · character-bound and cannot be sold or traded"
ลูกธนูสำหรับ Bow · ยิงธรรมดาและใช้สกิลโจมตีใช้ 1 ดอกต่อครั้ง ลูกธนูหมดจะยิงไม่ได้ · ซื้อที่พ่อค้า Silver ดอกละ 0.1 Silver · ขายคืนพ่อค้าไม่ได้,Ammunition for the Bow · Every plain shot and every attack skill uses 1 arrow; with none left the bow cannot fire · Sold by the Silver merchant at 0.1 Silver each · The merchant does not buy them back
ลูกธนูสำหรับ Bow,Ammunition for the Bow
ยิงธรรมดาและใช้สกิลโจมตีใช้ 1 ดอกต่อครั้ง ลูกธนูหมดจะยิงไม่ได้,Every plain shot and every attack skill uses 1 arrow; with none left the bow cannot fire
ซื้อที่พ่อค้า Silver ดอกละ 0.1 Silver,Sold by the Silver merchant at 0.1 Silver each
Auto Play หยุด — ลูกธนูหมด,Auto Play stopped — out of arrows
จะได้รับเมื่อขายหมด (หักภาษี ,You receive once it all sells (after tax 
 Silver (จ่ายทันที) · ภาษีเมื่อขายได้ , Silver (paid now) · tax when sold 
หักภาษีการขาย ,Sales tax 
ร้านค้า Premium,Premium Shop
/เดือน,/month
 ฟรี, free
ซื้อ Gold,Buy Gold
ตลาด Gold,Gold Exchange
สิทธิประโยชน์ Premium,Premium benefits
 Base EXP และ Job EXP จากมอนสเตอร์, Base EXP and Job EXP from monsters
 ภาษีขายของในตลาด (, market sales tax (
ซื้อ–ขายได้จากทุกที่,Buy and sell from anywhere
ยืนยันตั้งรับซื้อ Gold,Confirm Gold buy order
ยืนยันตั้งขาย Gold,Confirm Gold sell order
Silver ที่กันไว้,Silver held
ตลาดมี Gold ให้ซื้อตอนนี้ไม่ครบจำนวนที่ใส่ จะซื้อเท่าที่มี,The market has less Gold for sale than you entered; you will buy what is there
ตลาดรับซื้อ Gold ตอนนี้ไม่ครบจำนวนที่ใส่ จะขายเท่าที่มีคนรับ,The market is buying less Gold than you entered; you will sell what is wanted
ซื้อเพิ่มได้ตลอด เวลาจะต่อจากที่เหลืออยู่,Buy more any time — days are added to what is left
ปุ่มสีน้ำเงินชำระเป็นเงินบาทผ่าน Stripe · ปุ่มสีทองจ่ายด้วย Gold ในเกม,Blue buttons pay in baht through Stripe · gold buttons pay with in-game Gold
Gold ใช้ซื้อ Premium หรือขายแลก Silver กับผู้เล่นอื่นที่ตลาด Gold · ของที่ซื้อจะส่งเข้ากล่องจดหมาย,"Gold buys Premium, or sells for Silver to other players on the Gold Exchange · purchases arrive in your mailbox"
ราคาเฉลี่ย ,Average price 
24 ชม.,24 h
ซื้อ Gold ด้วย Silver,Buy Gold with Silver
ขาย Gold แลก Silver,Sell Gold for Silver
ราคาขายต่ำสุด ,Lowest ask 
ราคารับซื้อสูงสุด ,Highest bid 
จำนวน Gold,Gold amount
ราคาต่อ Gold,Price per Gold
คำสั่งของฉัน ,My orders 
การชำระเงินจะเปิดให้บริการเร็ว ๆ นี้ · ปุ่มสีทองจ่ายด้วย Gold ในเกม,Payments open soon · gold buttons pay with in-game Gold
ตลาด Gold ไม่มีค่าธรรมเนียมและไม่หักภาษี,The Gold Exchange charges no fee and no tax
Premium ใช้ได้เฉพาะตอนเล่นออนไลน์,Premium is only available online
Gold ไม่พอ — ซื้อ Gold หรือแลกด้วย Silver ที่ตลาด Gold,"Not enough Gold — buy Gold, or trade Silver for it on the Gold Exchange"
กดอีกครั้งเพื่อยืนยัน: Premium ,Press again to confirm: Premium 
 วัน ราคา , days for 
ชำระเงินสำเร็จ! ของจะส่งเข้ากล่องจดหมายภายในไม่กี่วินาที — เปิด Mail เพื่อกดรับ,Payment complete! Your purchase reaches the mailbox within seconds — open Mail to collect it
Gold จากรายการนี้เข้ากล่องจดหมายแล้ว ยังไม่ได้กดรับ,"The Gold from this top-up is already in your mailbox, not collected yet"
ถ้าขอคืนเพราะคิดว่าเงินไม่เข้า ให้เปิด Mail แล้วกดรับแทน,"If you are asking because you think the payment never arrived, open Mail and collect it instead"
เปิด Mail,Open Mail
Gold ส่งเข้ากล่องจดหมายแล้ว — เปิด Mail เพื่อกดรับ,Your Gold is in the mailbox — open Mail to collect it
ธนาคารยังไม่ยืนยันยอด ของจะเข้ากล่องจดหมายเองเมื่อยืนยันแล้ว ไม่ต้องจ่ายซ้ำ,The bank has not confirmed the payment yet. Your Gold will reach the mailbox once it does — no need to pay again
ยกเลิกการชำระเงินแล้ว ยังไม่มีการตัดเงิน,Payment cancelled — nothing was charged
กำลังเปิดหน้าชำระเงิน…,Opening checkout…
เปิดหน้าชำระเงินไม่สำเร็จ ลองใหม่อีกครั้ง,Could not open checkout — please try again
ใส่จำนวน Gold ก่อน,Enter a Gold amount first
ยังไม่มีใครตั้งขาย Gold,Nobody is selling Gold yet
ยังไม่มีใครตั้งรับซื้อ Gold,Nobody is buying Gold yet
ใส่ราคาต่อ Gold ก่อน,Enter a price per Gold first
กราฟราคา Gold,Gold price chart
Premium เหลืออีก ,Premium: 
 วัน, days
ยังไม่ได้เปิดใช้ Premium,Premium is not active
เข้าสู่ระบบด้วย Google ก่อนจึงจะซื้อได้,Sign in with Google before buying
ชำระด้วยบัตรหรือ PromptPay ผ่าน Stripe,Pay by card or PromptPay through Stripe
เข้าสู่ระบบด้วย Google ก่อนจึงจะซื้อด้วยเงินจริงได้,Sign in with Google to buy with real money
ตั้งราคา: รวม ,Limit order: total 
ทันที: ,Now: 
 Gold รวม , Gold for 
 Silver ต่อ Gold, Silver per Gold
เข้าใกล้นายหน้าตลาดที่ Aurelia Forum ก่อนจึงจะซื้อขาย Gold ได้,Go to the market broker in Aurelia Forum to trade Gold
ไม่พบแพ็กเกจ Premium นี้,That Premium pack does not exist
Gold ไม่พอ,Not enough Gold
ราคาต้องอยู่ระหว่าง ,Price must be between 
จำนวนต้องอยู่ระหว่าง 1 ถึง ,Amount must be between 1 and 
 ถึง , and 
 บาท, baht
 มาถึงแล้ว, has arrived
ขอบคุณที่สนับสนุนเกม! การชำระเงิน ,Thank you for supporting the game! Your payment of 
 สำเร็จแล้ว, went through
กดรับด้านล่างเพื่อเก็บ ,Collect below to receive 
 Gold เข้าตัวละคร, Gold on your character
กดรับด้านล่างเพื่อเปิดใช้ Premium ,Collect below to start Premium for 
 วัน — เวลาจะเริ่มนับเมื่อกดรับ และต่อจากเวลาที่เหลืออยู่," days — the clock starts when you collect, on top of any time left"
EXP / Job EXP +50% · น้ำหนักกระเป๋า +50% · ภาษีขายของในตลาดลด 50%,EXP / Job EXP +50% · carry weight +50% · market sales tax halved
 น้ำหนักกระเป๋าที่ถือได้, carrying weight
เปิดใช้ Premium ,Premium started: 
 วันแล้ว · EXP/Job EXP +50% · น้ำหนักกระเป๋า +50% · ภาษีตลาดลด 50%, days · EXP/Job EXP +50% · carry weight +50% · market tax halved
เข้าใกล้นายหน้าตลาดก่อนจึงจะซื้อขาย Gold ได้,Go to the market broker to trade Gold
 Gold แล้ว · คืน , Gold · returned 
ตั้งคำสั่ง Gold ได้สูงสุด ,You can hold at most 
 รายการพร้อมกัน, Gold orders at once
Gold ไม่เพียงพอ,Not enough Gold
 Gold ที่ราคานี้ คืนให้แล้ว, Gold at this price — returned
 ตั้งรอในตลาด, left resting in the book
 ไม่มีคู่ คืนให้แล้ว, unmatched and returned
 · อีก , · another 
ขาย Gold ได้ ,Sold Gold: 
ซื้อ Gold ได้ ,Bought Gold: 
 Gold จากคำสั่งขายของคุณ ที่ราคา , Gold from your sell order at 
 Silver (ตลาด Gold ไม่หักภาษี) — กดรับด้านล่างเพื่อเก็บ Silver เข้ากระเป๋า, Silver (the Gold Exchange takes no tax) — collect below to pocket the Silver
คำสั่งรับซื้อ Gold ของคุณจับคู่กับ ,Your Gold buy order matched with 
 Gold ที่ราคา , Gold at 
 Silver) — กดรับด้านล่างเพื่อเก็บ Gold, Silver) — collect below to receive the Gold
และยินยอมให้เริ่มให้บริการทันที โดยสละสิทธิ์ขอคืนเงินค่า Premium เมื่อเริ่มใช้งานแล้ว,"and I agree that service begins immediately, waiving any refund of Premium once it has started"
ราคาที่แสดงรวมภาษีมูลค่าเพิ่ม 7% แล้ว,Prices shown include 7% VAT
ข้อตกลง & ความเป็นส่วนตัว,Terms & Privacy
มีแพตช์ใหม่! กดอ่านบันทึกการอัปเดต,There's a new patch! Tap to read the update log
ราคาที่แสดงเป็นราคาสุทธิ · ผู้ให้บริการยังไม่ได้จดทะเบียนภาษีมูลค่าเพิ่ม จึงไม่มีการเรียกเก็บ VAT,"Prices shown are final · the operator is not VAT-registered, so no VAT is charged"
และยินยอมให้ส่งมอบ Gold ทันที โดยสละสิทธิ์ขอคืนเงินเมื่อกดรับ Gold เข้าตัวละครแล้ว,"and I agree that the Gold is handed over immediately, waiving any refund once it has been collected onto my character"
Premium ซื้อด้วย Gold เท่านั้น · เติม Gold ได้ที่แท็บซื้อ Gold,Premium is bought with Gold only · top up Gold on the Buy Gold tab
บัญชี Guest เติมเงินไม่ได้ เพราะเซฟ Guest อาจหายเมื่อเปิดเซิร์ฟเวอร์จริง · ผูกบัญชี Google ก่อนจึงจะซื้อ Gold ได้,Guest accounts cannot pay: a guest save can be lost when the real server opens · link a Google account to buy Gold
เงินจริงใช้ซื้อได้เฉพาะ Gold ส่วน Premium แลกด้วย Gold ในเกม,Real money buys Gold only; Premium is traded for in-game Gold
ฉันเข้าใจว่านี่คือการสนับสนุนเกม และจะไม่ได้รับ Gold คืนหลังรีเซ็ตเปิดเซิร์ฟเวอร์จริง,"I understand this is a donation to the game, and I will not get the Gold back after the reset when the real server opens"
ผูกบัญชี Google ก่อนจึงจะเติม Gold ได้,Link a Google account before buying Gold
ยืนยันการซื้อ Gold,Confirm Gold purchase
ยืนยันซื้อ Premium,Confirm Premium purchase
Gold คงเหลือหลังซื้อ,Gold left after
การเติม Gold ช่วงทดสอบถือเป็นการสนับสนุนและ Donate ให้ทีมพัฒนาเกม จะไม่ได้รับ Gold คืนเมื่อเปิดเซิร์ฟเวอร์จริง · วัน Premium ที่ยังเหลือจะยกไปใช้ต่อได้,Gold bought during early access is a donation to support the team making the game. It will not be given back when the real server opens. · Premium days you have left carry over
วันเปิดเซิร์ฟเวอร์จริง วัน Premium ที่ยังเหลือจะยกไปใช้ต่อได้ ไม่เริ่มใหม่,"At the real launch, the Premium days you have left carry over — they do not start again"
Premium ที่ยกมาเพิ่มอีก ,More carried-over Premium: 
Premium ที่ยกมาจากช่วงทดสอบ ,Premium carried over from early access: 
พบวัน Premium จากช่วงทดสอบเพิ่มอีก ,Found more Premium from early access: 
 วัน · กดรับแล้ววันจะนับต่อจาก Premium ที่มีอยู่," days · once claimed, they add on to the Premium you already have"
ขอบคุณที่สนับสนุนเกมช่วงทดสอบ · Premium ที่ยังเหลืออยู่ตอนล้างข้อมูลคือ ,Thank you for supporting the game during early access · Premium left at the wipe: 
 วัน (ปัดขึ้นเป็นวันเต็ม) · วันจะหยุดนับไว้จนกว่าจะกดรับจดหมายนี้ ไม่มีวันหมดอายุ," days (rounded up to whole days) · the days stay paused until you claim this letter, which never expires"
กดยืนยันแล้วจะไปหน้าชำระเงินด้วยบัตรหรือ PromptPay ผ่าน Stripe,Confirming takes you to the Stripe payment page (card or PromptPay)
ยอดเติมช่วงทดสอบ ,Your early-access top-up of 
 มอบให้อีกครั้งในวันเปิดเซิร์ฟเวอร์จริง, is granted again on launch day
ยอดเติม ,Your top-up of 
 ที่ระบบส่งของให้ไม่สำเร็จ ทีมงานส่งให้ใหม่แล้ว ขออภัยด้วยครับ, never reached you — the team has sent it again. Sorry about that.
หมดอายุแล้ว · เข้าใกล้นายหน้าตลาดเพื่อซื้อขายต่อ, has expired · move closer to the Market Broker to keep trading
แลกเปลี่ยนไอเทมและ Silver · ผู้เล่น Premium เริ่มเทรดกับใครก็ได้,Exchange items and Silver · Premium players can start a trade with anyone
เทรดไอเทมและ Silver กับผู้เล่นคนอื่นได้โดยตรง แม้อีกฝ่ายไม่มี Premium,"Trade items and Silver directly with other players, even ones without Premium"
เริ่มเทรดได้เฉพาะผู้เล่น Premium · รับคำขอเทรดจากผู้เล่น Premium ได้ หรือซื้อขายผ่านตลาดกลางได้ตามปกติ,"Only Premium players can start a trade · You can accept a request from a Premium player, or buy and sell through the market as usual"
ยกเลิกการเทรด: Premium ของผู้ขอเทรดหมดอายุ,Trade cancelled: the Premium of the player who asked has expired
Gold ที่จะถูกพักไว้,Gold to be held
เมื่อส่งคำขอ Gold จำนวนนี้จะถูกหักออกทันที (จากจดหมายที่ยังไม่กดรับ หรือจากกระเป๋า) ถ้าทีมงานไม่อนุมัติ Gold จะส่งคืนทางกล่องจดหมาย,"Sending the request takes this Gold off you right away (from the unclaimed letter, or from your bag). If the team declines, the Gold comes back by mail"
ฉันเข้าใจว่า Gold จำนวนนี้จะถูกหักออกระหว่างรอพิจารณา,I understand this Gold is taken off me while the request is reviewed
เหตุผล (ไม่บังคับ),Reason (optional)
ประวัติการเติม Gold · ขอคืนเงิน,Gold top-up history · Refunds
ขอคืนเงินได้ภายใน ,Refunds are possible within 
กำลังส่งคำขอคืนเงิน…,Sending refund request…
ส่งคำขอไม่สำเร็จ ลองใหม่อีกครั้ง,Could not send the request. Please try again
ส่งคำขอแล้ว ทีมงานจะตรวจสอบยอด Gold และแจ้งผลทางกล่องจดหมาย,Request sent. The team will check your Gold balance and reply by mail
ส่งคำขอคืนเงินแล้ว ทีมงานจะแจ้งผลทางกล่องจดหมายภายใน 7 วันทำการ,Refund request sent. The team will reply by mail within 7 business days
กำลังโหลด…,Loading…
ขอคืนได้ถึง ,Refundable until 
ยังไม่มีประวัติการเติม Gold,No Gold top-ups yet
ไม่อนุมัติ · คืน Gold เข้ากล่องจดหมายแล้ว,Declined · Gold returned to your mailbox
ไม่พบแพ็กเกจของรายการนี้ กรุณาติดต่อทีมงาน,This purchase's pack was not found. Please contact the team
ต้องออนไลน์อยู่ในเกมจึงจะหัก Gold คืนได้ ลองใหม่อีกครั้ง,You must be online in the game for the Gold to be taken back. Please try again
เหตุผล: ,Reason: 
คำขอคืนเงินยอด ,Your refund request for 
 บาท ไม่ได้รับการอนุมัติ, THB was declined
Gold ที่พักไว้ส่งคืนให้แล้ว ,The held Gold has been returned. 
ทีมงานคืนเงินยอด ,The team has refunded 
 บาท ให้แล้ว เงินจะเข้าบัญชีตามรอบของธนาคารหรือผู้ออกบัตร, THB. The money arrives on your bank's or card issuer's schedule
 บาท ได้รับการอนุมัติ ระบบคืนเงินไปยังช่องทางที่ชำระแล้ว โดยปกติเงินจะเข้าภายใน 5–15 วันทำการ, THB was approved. The money has been sent back to the way you paid and usually arrives within 5–15 business days
เข้าสู่ระบบด้วย Google ก่อน,Sign in with Google first
ต้องมี Gold ในตัวอย่างน้อย ,You need at least 
 จึงจะขอคืนเงินรายการนี้ได้ (Gold ที่ใช้ไปแล้วขอคืนไม่ได้), Gold on you to refund this purchase (spent Gold cannot be refunded)
 ถูกพักไว้ระหว่างรอพิจารณาคืนเงิน, held while the refund is reviewed
กดรับ Gold เข้าตัวละครแล้ว จึงขอคืนเงินไม่ได้,"The Gold was already claimed, so it cannot be refunded"
ยืนยันซื้อจาก Item Mall,Confirm Item Mall purchase
 · ครั้งละ 1 ชม., · 1 hour each
Base EXP และ Job EXP x2,Base EXP and Job EXP x2
โอกาสดรอปไอเท็ม x2,Item drop chance x2
ใช้ซ้ำเพื่อต่อเวลาได้ สะสมสูงสุด ,"Use again to extend the time, up to "
 ชั่วโมง · EXP Scroll กับ Drop Scroll ใช้พร้อมกันได้, hours · EXP Scroll and Drop Scroll can run together
ตายแล้วบัฟไม่หาย · ทำงานซ้อนกับ Premium (+50% EXP),The buff survives death · Stacks with Premium (+50% EXP)
ซื้อด้วย Gold เท่านั้น · ของเข้ากระเป๋าทันที · ผูกกับตัวละคร ขายและเทรดไม่ได้,"Gold only · Goes straight into your bag · Bound to the character, cannot be sold or traded"
Item Mall ใช้ได้เฉพาะตอนเล่นออนไลน์,The Item Mall only works online
ไม่พบสินค้านี้ใน Item Mall,This item is not in the Item Mall
กระเป๋าเต็มหรือน้ำหนักเกิน · เคลียร์กระเป๋าก่อนแล้วซื้อใหม่,Bag full or too heavy · Clear some space and buy again
 เข้ากระเป๋าแล้ว · กดใช้ได้จากกระเป๋า, is in your bag · Use it from there
ผูกกับตัวละคร · สวมได้ทุกอาชีพตั้งแต่ Lv.1,Bound to character · any job can wear it from Lv.1
พอดี Starter Pack,Exactly one Starter Pack
ซื้อได้ 1 ครั้งต่อตัวละคร,Once per character
 สวมได้ตั้งแต่ Lv.1 ซื้อแล้วใส่ได้เลย," wear it from Lv.1, right after buying"
 ช่องสวมใส่ + อาวุธทุกสาย , equipment slots + every weapon type: 
 อุปกรณ์ช่วยเหลือเริ่มต้น, starter support gear
ผูกกับตัวละคร ขาย ทิ้ง เทรด และตั้งขายไม่ได้ · ,"Bound to character: cannot be sold, dropped, traded or listed · "
ชุดสวมใส่ ,Wearables: 
อาวุธครบทุกสาย ,Every weapon type: 
ไม่มี Gold? เติม ฿30 ได้ ,No Gold? 30 THB buys 
 Gold พอดี, Gold — exactly enough
ตัวละครนี้ซื้อ ,This character already bought 
Gold ไม่พอ — เติม ฿30 ได้ ,Not enough Gold — 30 THB buys 
 Gold พอดีกับแพ็กนี้," Gold, exactly this pack"
ของทุกชิ้นเข้ากระเป๋าทันที ผูกกับตัวละครนี้,"Every piece goes straight into the bag, bound to this character"
 ไปแล้ว (ซื้อได้ครั้งเดียวต่อตัวละคร), (once per character)
กระเป๋าเต็ม · ต้องมีช่องว่าง ,Bag full · needs free slots: 
น้ำหนักเกิน · แพ็กนี้หนัก ,Too heavy · this pack weighs 
 ต้องมีที่ว่าง , and needs free capacity of 
 ชิ้นเข้ากระเป๋าแล้ว · สวมได้ทุกอาชีพตั้งแต่ Lv.1 · ผูกกับตัวละคร, pieces are in your bag · any job can wear them from Lv.1 · bound to character
หน้า Item Mall,Item Mall pages
กระเป๋าสัตว์เลี้ยงและกระเป๋าของคุณเต็มแล้ว — กระต่ายเก็บของเพิ่มไม่ได้,Your pet's bag and your bag are both full — the rabbit can't pick up more
(กระเป๋าสัตว์เลี้ยงเต็ม · เข้ากระเป๋าคุณ),(pet bag full · went to your bag)
(เข้ากระเป๋าคุณ),(went to your bag)
ของเข้ากระเป๋าคุณก่อน จนน้ำหนักใกล้ 50% (จุดที่ HP/SP หยุดฟื้น) แล้วค่อยเข้ากระเป๋ากระต่าย · ยาที่เก็บได้บอทหยิบกินต่อได้เลย,"Loot goes to your bag first until it nears 50% weight (where HP/SP stop regenerating), then to the rabbit · potions it finds are ready for the bot to drink"
ของเข้ากระเป๋ากระต่ายก่อน เต็มแล้วค่อยเข้ากระเป๋าคุณ,"Loot goes to the rabbit's bag first, then to yours once it is full"
ปิดอยู่ — กระต่ายเดินตามเฉยๆ ไม่เก็บของ · บอทจะเดินไปเก็บของเอง,Off — the rabbit just follows you and picks nothing up · the bot walks to the loot itself
ตั้งค่าบอท → เก็บของ,Bot settings → Loot
มี Premium แล้วกระต่ายจะมาเดินตาม,"With Premium, the rabbit comes to follow you"
ยังไม่มีของ — ออกล่ามอนสเตอร์แล้วกระต่ายจะเก็บให้,Nothing yet — go hunting and the rabbit will pick up for you
"กระต่ายเดินตามและเก็บของให้ตามที่ตั้งไว้ในบอท · กระเป๋าของตัวเอง 300 ช่อง น้ำหนัก 5,000","A rabbit follows you and picks up loot by your bot settings · its own bag of 300 slots, 5,000 weight"
Starter Pack ตอนนี้มี Lumina Kunai (อาวุธของ Mamushi) รวมอยู่ด้วยแล้ว ผู้ที่ซื้อไปก่อนหน้านี้จึงได้รับเพิ่มย้อนหลัง 1 ชิ้น · ผูกกับตัวละคร ซื้อขายและเทรดไม่ได้,"The Starter Pack now includes the Lumina Kunai (the Mamushi's weapon), so earlier buyers get one too · bound to character, cannot be sold or traded"
กระเป๋าเต็ม ส่งอุปกรณ์คืนทางจดหมาย,Bag full: gear returned by mail
รับอุปกรณ์จากจดหมายไม่ได้เพราะกระเป๋าเต็มหรือน้ำหนักเกิน · เคลียร์กระเป๋าแล้วกดรับใหม่ได้เลย,Couldn't take the gear from the letter because your bag is full or too heavy · clear some space and claim again
กระเป๋าเต็มหรือน้ำหนักเกิน อุปกรณ์ถูกส่งกลับเข้ากล่องจดหมาย,Bag full or too heavy: the gear went back to your mailbox
Lumina Kunai จาก Starter Pack,Lumina Kunai from the Starter Pack
ชวนเพื่อนมาเล่น รับ Gold ฟรี,"Invite friends, earn free Gold"
เพื่อนที่เข้าเกมผ่านลิงก์ของคุณ เติมเงินรวมครบ ,A friend who joins through your link and tops up a total of 
ลิงก์ใช้ได้กับบัญชีใหม่ที่เริ่มเล่นไม่เกิน ,The link works for new accounts that started playing within 
คัดลอกลิงก์แล้ว ส่งให้เพื่อนได้เลย,Link copied — send it to your friends
โหลดลิงก์ไม่สำเร็จ ลองเปิดแท็บใหม่,Could not load the link — reopen the tab
เข้าเกม ,Joined 
ยังเติมไม่ครบ ,Not yet topped up 
รางวัลชวนเพื่อน: ,Invite reward: 
 ที่คุณชวนมาเติมเงินครบ ,", whom you invited, has topped up "
 บาทแล้ว ขอบคุณที่ชวนเพื่อนมาเล่นด้วยกัน!, baht. Thanks for bringing a friend along!
คุณได้รับ ,You receive 
 ทางกล่องจดหมาย, by mail
ได้รางวัลทุกคนที่ชวนมา คนละ 1 ครั้ง ไม่จำกัดจำนวนเพื่อน,"One reward for every friend you invite, no limit on friends"
และใช้ลิงก์ของตัวเองไม่ได้ · นับเฉพาะยอดที่เติมหลังเข้าผ่านลิงก์ และนับเมื่อเพื่อนกดรับ Gold จากจดหมายแล้ว (หรือพ้นช่วงขอคืนเงิน) · รายการที่ขอคืนเงินไม่นับ,"— not for your own link · Only top-ups made after joining through the link count, once your friend has claimed the Gold from the mail (or the refund window has passed) · Refunded top-ups do not count"
Silver ที่กันไว้ ,Silver held 
Gold ที่กันไว้ ,Gold held 
จับคู่แล้ว ,Filled 
 · ยังเหลือ , · left 
 (ส่งเข้าจดหมาย), (sent to mail)
รอคนขายที่ราคานี้ · ตอนนี้ขายถูกสุด ,Waiting for a seller at this price · lowest ask now 
รอคนซื้อที่ราคานี้ · ตอนนี้รับซื้อสูงสุด ,Waiting for a buyer at this price · highest bid now 
เติม Gold ด้วยเงินจริงที่ Shop ›,Top up Gold with real money in the Shop ›
Gold สะสมห่างจากราคาดีสุด,Gold waiting within this far of the best price
หลอมรวมจากเมนูได้ทุกที่ โดยบอทยังทำงานต่อ,Fuse from the menu anywhere while Auto Play keeps running
ของดรอปซ้ำเต็มกระเป๋า? เอามาหลอมรวมกัน! 🔥,Bag full of duplicate drops? Bring them here to fuse! 🔥
Tier เดียวกัน 5 ชิ้น แลกชิ้นที่อยากได้ 1 ชิ้น!,5 pieces of one tier for 1 piece of your choice!
อยากได้อาวุธของอาชีพตัวเอง? มาหาข้าสิ,Want a weapon for your own job? Come see me
ออปชั่นสุ่มใหม่ ลุ้นเหมือนดรอปจากมอนสเตอร์!,"Fresh random stats, just like a monster drop!"
คลิกที่ข้า แล้วเอาอุปกรณ์ 5 ชิ้นมาหลอมรวมกัน!,Click me and fuse 5 pieces of gear!
เลือกให้ครบ 5 ชิ้นจาก Tier เดียวกัน (เริ่มจาก Tier ต่ำสุด หรือ Tier ของชิ้นที่เลือกไว้แล้ว) · ไม่เลือกชิ้นที่มีการ์ดหรือตีบวก,"Fill all 5 from one tier (the lowest tier, or the tier of the pieces already picked) · pieces with cards or a refine are skipped"
อุปกรณ์ Tier เดียวกันที่ไม่มีการ์ดและไม่ได้ตีบวกมีไม่ครบ 5 ชิ้น,Not enough pieces of one tier without cards or a refine to fill all 5
ใช้อุปกรณ์ที่ดรอปจากมอนสเตอร์ Tier เดียวกัน ,Uses monster-dropped gear of one tier: 
 ชิ้น แลกอุปกรณ์ที่เลือก 1 ชิ้น Tier เดียวกัน สุ่มออปชั่นใหม่เหมือนดรอปจากมอนสเตอร์ · การ์ดและระดับตีบวกของชิ้นที่นำมาหลอมจะหายไป," pieces for 1 piece of your choice at the same tier, with fresh random stats like a monster drop · cards and refine levels on the fused pieces are lost"
1. เลือกอุปกรณ์ ,1. Pick gear: 
2. เลือกอุปกรณ์ที่ต้องการ ,2. Pick what you want 
ไม่ได้รับผลจากเซิร์ฟเวอร์ ตรวจสอบกระเป๋าก่อนลองใหม่,No answer from the server — check your bag before trying again
เลือกอุปกรณ์ชิ้นแรกก่อน แล้วรายการจะขึ้นตาม Tier,Pick the first piece and the list follows its tier
 · ออปชั่นสุ่มใหม่, · fresh random stats
กำลังหลอมรวม…,Fusing…
หลอมรวมสำเร็จ ได้รับ ,Fusion complete — received 
เลือกอุปกรณ์อีก ,Pick 
เลือกอุปกรณ์ให้ครบ ,Pick all 
อุปกรณ์บางชิ้นไม่อยู่ในกระเป๋าแล้ว กรุณาเลือกใหม่,Some pieces are no longer in your bag — pick again
ใช้ได้เฉพาะอุปกรณ์ที่ดรอปจากมอนสเตอร์ ไม่ได้สวมอยู่ และไม่ได้ล็อก,Only monster drops that are not worn and not locked can go in
ต้องเป็น Tier เดียวกันทั้ง 5 ชิ้น,All 5 pieces must be the same tier
Auto Play และสัตว์เลี้ยงเก็บของ,Auto Play and Loot Pet
ตัวกรองของดรอป รัศมีบอท และกระเป๋ากระต่าย Premium,"Loot filters, Auto Play radius and the Premium rabbit bag"
เปลี่ยนอุปกรณ์ที่ไม่ใช้เป็น Spirit Shard และลุ้น Refine Stone,Turn unwanted gear into Spirit Shards with a chance of a Refine Stone
นำอุปกรณ์ที่ไม่ใช้ไปย่อยกับช่างตีเหล็กในเมือง อุปกรณ์จะหายไปถาวรและได้ Spirit Shard แน่นอน,Take unwanted gear to the Blacksmith to salvage it. The gear is permanently destroyed and always yields Spirit Shards.
ขั้นอุปกรณ์ยิ่งสูง ยิ่งได้ Spirit Shard มากและมีโอกาสได้ Refine Stone 1 ก้อน,Higher-tier gear yields more Spirit Shards and has a chance to yield 1 Refine Stone.
ย่อยของที่กำลังสวม ของที่ล็อกไว้ หรือของจาก Item Mall ไม่ได้,"Worn, locked and Item Mall gear cannot be salvaged."
โอกาสได้ Refine Stone,Refine Stone chance
Party Finder ค้นหาปาร์ตี้ที่ประกาศรับสมาชิกได้จากทุก Channel · หัวหน้าเลือกเปิดรับสมาชิกอัตโนมัติได้,Party Finder finds recruiting parties across every channel · leaders can enable automatic admission.
Auto Play เลือกได้ว่าจะเก็บยา วัตถุดิบ การ์ด และอุปกรณ์หรือไม่ รวมถึงข้ามยาและวัตถุดิบเป็นรายชนิด,"Auto Play can collect or ignore potions, materials, cards and gear, and skip individual potions and materials."
ผู้เล่น Premium มีกระต่ายช่วยเก็บของในรัศมี,Premium players get a rabbit that collects loot within
พิกเซล โดยใช้ตัวกรองของ Auto Play เดียวกัน,pixels using the same Auto Play loot filters.
ช่อง รับน้ำหนักได้,"slots, carries"
และของข้างในยังหยิบคืนได้แม้ Premium หมด,and remains accessible after Premium expires.
กระเป๋ากระต่ายมี ${PET_BAG_SLOTS.toLocaleString('en-US')} ช่อง รับน้ำหนักได้ ${PET_BAG_WEIGHT.toLocaleString('en-US')} และของข้างในยังหยิบคืนได้แม้ Premium หมด,"The rabbit bag has ${PET_BAG_SLOTS.toLocaleString('en-US')} slots, carries ${PET_BAG_WEIGHT.toLocaleString('en-US')}, and remains accessible after Premium expires."
เลือกปิดการเก็บของของกระต่ายได้ หรือเลือกให้ของเข้ากระเป๋าตัวละครก่อนจนใกล้น้ำหนัก 50% แล้วจึงเข้ากระเป๋ากระต่าย,"You can disable rabbit pickup or fill your character bag first until it approaches 50% weight, then use the rabbit bag."
ระบบกิล (Guild),Guilds
สร้างกิล ขอเข้าร่วม ร่วมจ่ายอัปเลเวล และโบนัส EXP,"Creating and joining a guild, level-up contributions and the EXP bonus"
สนาม PVP (Aurelia Arena),PVP Arena (Aurelia Arena)
กติกาการต่อสู้ จำนวนคนต่อห้อง และยอดฆ่า,"Combat rules, room capacity and kill counts"
เรื่องที่ควรรู้ก่อนเล่น สเตตัส ตีบวก หลอมอุปกรณ์ การดรอป บอส ปาร์ตี้ กิล PVP ตลาด และ Premium,"Things to know before you play, stats, refining, fusion, drops, bosses, party, guilds, PVP, market and Premium"
ติ๊กใช้ Protection Stone ในหน้าต่างตีบวก (ซื้อใน Item Mall): ล้มเหลวเสีย 1 ก้อน ระดับเดิมไม่ลด ไอเทมและการ์ดไม่แตก · สำเร็จไม่เสียหิน,"Tick Protection Stone in the refine window (sold in the Item Mall): a failure uses 1 stone, keeps the current level and nothing breaks · a success uses no stone."
อุปกรณ์ที่ล็อกไว้ตีบวกขั้นที่มีโอกาสแตกไม่ได้ ต้องใช้ Protection Stone หรือปลดล็อกก่อน,Locked gear cannot take a refine that could break it: use a Protection Stone or unlock it first.
ผู้เล่น Premium หลอมอุปกรณ์จากเมนูได้ทุกที่ ไม่ต้องไปหา Fusion Master,"Premium players can fuse gear from the menu anywhere, without visiting the Fusion Master."
กด สร้างปาร์ตี้ ในหน้าต่างปาร์ตี้เพื่อเปิดปาร์ตี้คนเดียวไว้รอคนมาเข้าได้ทันที หรือติ๊ก ประกาศปาร์ตี้นี้ ให้ขึ้นใน Party Finder,"Press Create party in the party window to open a party on your own and wait for others to join, or tick Advertise this party to list it in Party Finder."
ล็อกไอเทมที่สำคัญไว้ได้ ของที่ล็อกจะขาย ทิ้ง ลงตลาด เทรด หรือหลอมไม่ได้ ไม่แตกจากการตีบวก และการ์ดที่ใส่อยู่จะไม่ถูกใส่ทับ,"Lock important items: locked items cannot be sold, dropped, listed, traded or fused, never break from refining, and their socketed card cannot be overwritten."
สร้างกิลใหม่ หรือเลือกกิลจากรายชื่อกิลแล้วกด ขอเข้าร่วม และรอหัวกิลกดรับ,"Create a new guild, or pick one from the guild directory, press Apply and wait for the leader to accept."
สมาชิกได้โบนัส Base และ Job EXP จากการล้มมอนโดยอัตโนมัติ · เลเวลกิลยังไม่เพิ่มค่าสถานะหรืออัตราดรอป,Members automatically gain bonus Base and Job EXP from monster kills · guild levels do not add stats or drop rate yet.
ยิ่งเลเวลกิลสูง ยิ่งรับสมาชิกได้มากและได้โบนัส EXP มากขึ้น (ดูตารางด้านล่าง),Higher guild levels hold more members and give a larger EXP bonus (see the table below).
สมาชิกทุกคนร่วมจ่าย Spirit Shard และ Silver เพื่ออัปเลเวลกิลได้ ยอดสะสมข้ามครั้ง ครบทั้งสองอย่างแล้วกิลอัปเลเวลเอง,"Every member can contribute Spirit Shards and Silver. Contributions accumulate, and the guild levels up by itself once both targets are met."
หัวกิลรับหรือปฏิเสธคำขอและนำสมาชิกออกได้ · ถ้าหัวกิลออกจากกิล ตำแหน่งหัวกิลโอนให้สมาชิกคนถัดไป,"The leader accepts or declines requests and can remove members · if the leader leaves, leadership passes to the next member."
ชื่อกิลยาว 3–20 ตัวอักษร,guild names are 3–20 characters
สร้างกิล เชิญและขอเข้าร่วม แบ่ง EXP อัปเลเวลกิล และโบนัส EXP,"Creating a guild, inviting or requesting to join, sharing EXP, leveling the guild up, and its EXP bonus"
 · หัวกิลก็เชิญผู้เล่นเข้ากิลตรง ๆ ได้เช่นกัน (คำเชิญมีอายุ 60 วินาที), · The leader can also invite players directly (invitations stay open 60 seconds)
สมาชิกได้โบนัส Base และ Job EXP จากการล้มมอนโดยอัตโนมัติตามเลเวลกิล,"Members automatically gain bonus Base and Job EXP from monster kills, scaled by guild level"
 · เลเวลกิลยังไม่เพิ่มค่าสถานะหรืออัตราดรอป, · guild levels do not add stats or drop rate yet
อัปเลเวลกิลต้องเติมให้เต็ม 2 กองทุนพร้อมกัน: ,Leveling the guild up needs two funds filled at once: 
 (สมทบตรง ๆ) และ , (contributed directly) and 
 — เต็มทั้งคู่เมื่อไรกิลอัปเลเวลทันที ยอดที่เกินมาเก็บไว้ให้เลเวลถัดไป ไม่มีของหาย," — the moment both are full the guild levels up instantly, and anything over the target carries into the next level, so nothing is wasted."
เติม EXP กิลได้สองทาง: (1) ตั้งค่าสัดส่วน Base EXP ของตัวเองที่จะแบ่งให้กิลอัตโนมัติทุกครั้งที่ล้มมอน สูงสุด ,"Fill Guild EXP two ways: (1) set the share of your own Base EXP given to the guild automatically on every monster kill, up to "
% ต่อครั้ง (Job EXP ไม่เสียเลย ได้เต็มเสมอ) หรือ (2) สมทบ Silver ตอนอัปเลเวล แปลงเป็น EXP กิลให้ทันที ,"% per kill (Job EXP is never reduced — you always get it in full), or (2) contribute Silver when leveling up, converted straight into Guild EXP at "
 EXP ต่อ 1 Silver, EXP per 1 Silver
ผู้เล่นเลเวลสูงสุดแบ่ง Base EXP ให้กิลได้โดยไม่เสียอะไรเลย เพราะ Base EXP ส่วนนั้นเกินแล้วไม่ได้ใช้อยู่ดี,"A max-level player can share Base EXP with the guild at no cost at all, since that Base EXP is already going to waste."
ค้นหากิลหรือชื่อสมาชิกในรายชื่อกิล คำขอเข้าร่วม และรายชื่อสมาชิกได้ · ,"You can search the guild directory, join requests and the member roster by name · "
EXP กิลที่ต้องเติม,Guild EXP needed
ถ้าจ่ายด้วย Silver ล้วน,if paid entirely in Silver
กดปุ่ม PVP ในเมนูเพื่ออ่านกติกาและดูจำนวนผู้เล่นแต่ละห้อง แล้วกดยืนยันเข้าสนาม,"Press PVP in the menu to read the rules and see each room's players, then confirm to enter."
เหนือหัวผู้เล่นในสนามมีหัวกะโหลกและยอดฆ่า PVP สะสม ไม่นับการฆ่ามอนและไม่นับสมาชิกปาร์ตี้เดียวกัน,Players in the arena show a skull and their lifetime PVP kills overhead; monster kills and party members do not count.
หยุดฟื้น HP/SP · ตั้งแต่,"weight, HP/SP regeneration stops · at"
โจมตีและใช้สกิลไม่ได้ · เกินลิมิตเดินเหลือ,"attacks and skills are disabled · over the limit, movement falls to"
กันดาเมจจาก PVP และการดวลไว้ก่อน — หายทันทีถ้าเริ่มโจมตีคนอื่นก่อน,blocking PVP and duel damage first — it ends immediately if you attack someone else
ฝังแล้วขึ้นเพดานรวมกับอุปกรณ์ที่มีตัวเลือกเดียวกัน ตามตัวเลขที่บอกไว้ในคำอธิบายการ์ดนั้น ๆ,"share a combined cap with gear carrying the same option, the number stated on that card's own description"
 · อาวุธสองมือชิ้นนี้ไม่มีโล่/ลูกธนูมาช่วย จึงได้สเตตัสคงที่ ×1.5 ตัวเลขด้านล่างคือค่าหลังคูณแล้ว," · This two-handed weapon has no shield or quiver to make up for, so its flat stats count ×1.5 — the numbers below are already multiplied"
 ช่อง สามารถนำการ์ดมอนสเตอร์มาฝังได้, slots — a monster card can be socketed here
 (อาวุธสองมือฝังได้ 2 ใบ), (a two-handed weapon takes 2)
สองมือ · ใส่โล่ไม่ได้ (ใส่ลูกธนูได้) · การ์ด 2 ช่อง,Two-handed · no shield (a quiver fits) · 2 card slots
 · DEX ส่วนที่เกิน , · DEX beyond 
 ไม่เสียเปล่า ทำให้สกิลเวทหลายฮิตยิงถี่ขึ้น , is not wasted — it makes a multi-hit spell fire faster by 
% ต่อแต้ม สูงสุด ,"% per point, up to "
% ที่ DEX ,% at DEX 
โอกาสคริติคอล ,Critical chance 
(รวมถึงคริเวทของสกิลเวท) และ Perfect Dodge (หลบได้แน่นอน),(including the spell critical of magic skills) and Perfect Dodge (a guaranteed dodge)
คริเวท = floor(LUK ÷ 3) + CRIT จากอุปกรณ์และการ์ด (สูงสุด 100%) — ไม่นับส่วนของ CRIT ที่ได้จากเลเวล ต่างจากคริกายภาพ<br>,"Spell critical = floor(LUK ÷ 3) + CRIT from gear and cards (max 100%) — not counting the share from level, unlike physical critical<br>"
สายที่ไม่ได้ทำของเน้นคริ (CRIT = 0) จะไม่มีโอกาสคริเวทเลย ดาเมจสกิลเวทเหมือนเดิมทุกประการ<br>,A build that never gears for crit (CRIT = 0) has no spell critical chance at all — spell damage stays exactly as before<br>
การตาย EXP ของที่ตก เปลี่ยนอาชีพ NPC และปุ่มลัด,"Death, EXP, loot, class change, NPCs and hotkeys"
โอกาสสำเร็จ ค่าใช้จ่าย และ Refine Stone,"Success chance, cost and Refine Stones"
หลอมอุปกรณ์ (Fusion),Equipment Fusion
หลอมอุปกรณ์ดรอป 5 ชิ้นเป็นชิ้นใหม่ที่ Fusion Master,Fuse 5 dropped pieces into a new one at the Fusion Master
บอส Crowned ทุกแมพ เวลาเกิดใหม่ และของที่ดรอป,"The Crowned boss on every map, its respawn and its drops"
ม้วน EXP x2 / Drop x2,EXP x2 / Drop x2 Scrolls
บัฟ EXP และดรอปคูณสอง และกิจกรรม EXP,"Double EXP and drop buffs, and EXP events"
(1 ใน,(1 in
เลเวล ค่าพลัง จุดเกิด และของที่ดรอปของมอนสเตอร์ทุกชนิด รวมถึงบอสประจำแมพ,"Level, stats, spawn points and drops of every monster, including map bosses"
เรื่องที่ควรรู้ก่อนเล่น สเตตัส ตีบวก หลอมอุปกรณ์ การดรอป บอส ปาร์ตี้ ตลาด และ Premium,"Things to know before you play, stats, refining, fusion, drops, bosses, party, market and Premium"
ศัตรู 1 ตัว,One enemy
พ่อค้า (Merchant),Merchant
ซื้อยา ของใช้ อุปกรณ์ และขายของ,"Buy potions, supplies and gear, and sell items"
ช่างตีเหล็ก (Blacksmith),Blacksmith
คลังเก็บของ (Storage),Storage
รีเซ็ตสเตตัสหรือสกิล ครั้งละ,"Reset stats or skills,"
นายหน้าตลาด (Market Broker),Market Broker
ออโต้ (บอท),Auto play (bot)
ปิดหน้าต่าง / ตั้งค่า,Close window / settings
เริ่มที่ 1 ทุกตัว อัปได้สูงสุด,Every stat starts at 1 and goes up to
· ได้แต้มทุกครั้งที่ Base Level ขึ้น,· you earn points every time your Base Level goes up
"ยิ่งค่าสูง การอัปแต้มถัดไปยิ่งแพง (ค่า 1→2 ใช้ 2 แต้ม, 91→92 ใช้ 11 แต้ม)","The higher a stat, the more its next point costs (1→2 costs 2 points, 91→92 costs 11)"
รีเซ็ตสเตตัสได้ที่ Stat Master ในเมือง (,Reset your stats at the Stat Master in town (
การฟื้น HP และ SP (Natural Regen),HP and SP Recovery (Natural Regen)
HP ฟื้นเองทุก,HP recovers on its own every
วินาที · ถ้าโดนตี จะหยุดฟื้น,seconds · after a hit it stops recovering for
SP ฟื้นเองทุก 2 วินาที,SP recovers on its own every 2 seconds
นั่งพัก ฟื้นเร็วขึ้น,Sitting down recovers
เท่าทั้ง HP และ SP,"times faster, HP and SP alike"
ตีได้ที่ช่างตีเหล็กในเมือง สูงสุด +,"Refine at the Blacksmith in town, up to +"
· ตีได้เฉพาะ,· only these can be refined:
ทุกครั้งใช้ Silver + Refine Stone,Every attempt costs Silver +
ก้อน ไม่ว่าสำเร็จหรือไม่,"refine stone(s), success or not"
ถ้าล้มเหลว ไอเทมและการ์ดที่ใส่อยู่จะแตกหายไปเลย,On a failure the item and any card in it break and are gone
— แต่ตีไปจนถึง +4 ไม่มีวันแตก,— but up to +4 it never breaks
อาวุธได้ ATK เพิ่ม (อาวุธเวทได้ MATK) · ชุดเกราะลดดาเมจที่ได้รับ 1% ต่อ +1,Weapons gain ATK (caster weapons gain MATK) · armour cuts damage taken by 1% per +1
ชิ้น ขั้นเดียวกัน,monster-dropped pieces of the same tier
ไปหา Fusion Master ในเมือง แลกเป็นชิ้นใหม่ 1 ชิ้นขั้นเดิม,to the Fusion Master in town and get 1 new piece of that tier
อาวุธหลอมกับอาวุธ ส่วนชิ้นอื่นทุกช่องนับเป็นชุดเกราะ หลอมรวมกันได้,Weapons fuse with weapons; every other slot counts as armour and can be mixed
เลือกได้ว่าอยากได้ชิ้นไหน จากรายชื่อที่ดรอปได้ในขั้นนั้น · สเตตัสสุ่มใหม่ ไม่มีตีบวกและการ์ดติดมา,"You pick the piece you want from that tier's drop list · stats are rolled fresh, with no refine and no card"
ใช้ของที่สวมอยู่ ของที่ล็อกไว้ หรือของที่ซื้อจากร้านไม่ได้,"Worn, locked or shop-bought pieces can't be used"
ล้มมอน 1 ตัว เกมสุ่มของแต่ละหมวด,Each monster you defeat rolls every category
จึงได้หลายอย่างพร้อมกัน หรือไม่ได้อะไรเลยก็ได้,"so you may get several things at once, or nothing at all"
ต่อตัว (ประมาณ 1 ใน,per kill (about 1 in
ตัว) และได้ครบทุกช่องจากมอนทุกชนิด,"kills), and every monster drops every slot"
มอนแต่ละชนิดมี “ช่องถนัด” ที่ดรอปบ่อยกว่าช่องอื่น,Each species has a “favored slot” that drops more often than the others
เท่า — ดูได้ในหน้ามอนแต่ละตัว,times — see it on each monster's page
ของที่ร้านค้าขายจะไม่ดรอปจากมอน ยกเว้นอาวุธ ซึ่งทุกอาชีพมีโอกาสได้อาวุธของตัวเองเท่ากัน,"Gear the shop sells never drops from monsters, except weapons, which every class has an equal chance to get"
ปาร์ตี้และม้วน Drop x2 เพิ่มโอกาสดรอปได้,A party and the Drop x2 scroll raise your drop chance
ทุกแมพล่ามีบอสสูงสุด 5 ตัว กระจายอยู่ในช่องที่มีผู้เล่นแบบสุ่ม ช่องละไม่เกิน 1 ตัว ชื่อขึ้นต้นด้วย Crowned — เป็นร่างแกร่งของมอนที่แรงที่สุดในแมพ,"Every hunting map has up to 5 bosses, spread at random over channels with players, at most 1 per channel. Their names start with Crowned — a stronger form of the map's toughest monster"
หลังถูกล้ม ที่จุดสุ่มในแมพ,"after it falls, at a random spot on the map"
ดรอปอุปกรณ์ 1 ชิ้นแน่นอน (ขั้นตามเลเวลบอส) + Prism Crystal ×5 + Red Potion ×3 + White Potion ×1,Always drops 1 piece of gear (tier by boss level) + Prism Crystal ×5 + Red Potion ×3 + White Potion ×1
ขั้นของอุปกรณ์ที่ดรอป (Gear Tier I–V),Dropped Gear Tiers (I–V)
อุปกรณ์ดรอปมีเลขโรมันนำหน้าชื่อ (เช่น “III Adventurer Sword”) บอกว่ามาจากมอนเลเวลเท่าไร,Dropped gear carries a Roman numeral before its name (e.g. “III Adventurer Sword”) that tells how deep a monster it came from
ขั้นยิ่งสูง สเตตัสยิ่งแรง,"The higher the tier, the stronger the stats"
— ขั้น V แรงเป็น 5 เท่าของขั้น I · ชื่อไอเทมไม่ได้บอกความแรง ขั้นต่างหากที่บอก,"— tier V is 5 times tier I · the item's name doesn't tell its strength, its tier does"
แต่ละขั้นต้องมี Base Level ถึงเกณฑ์จึงสวมได้ · ของจากร้านค้าไม่มีขั้น,Each tier needs a Base Level before you can wear it · shop gear has no tier
พาสซีฟเรียนครั้งเดียวแล้วทำงานตลอด ไม่ต้องกด ไม่กินช่องลัด,"Passives are learned once and work all the time — no button, no hotbar slot"
— เปลี่ยนอาชีพแล้วโบนัสยังอยู่ (สกิลกดใช้ใช้ได้เฉพาะอาชีพเจ้าของ),— the bonus stays after a class change (active skills only work for their own class)
แต่ละอาชีพมีแต้มสกิลของตัวเอง = Job Level ของอาชีพนั้น ไม่แย่งกัน,Each class has its own skill points = that class's Job Level; they don't compete
ตัวอย่าง: เก็บ Job ของ Thief เอา Fleet Foot (FLEE) และ Cleric เอา Sacred Ward (DEF) แล้วกลับไปเล่นอาชีพหลัก โบนัสซ้อนกันหมด,"Example: level Thief for Fleet Foot (FLEE) and Cleric for Sacred Ward (DEF), then go back to your main class — the bonuses all stack"
มอนบางชนิดตีแล้วติดสถานะผิดปกติ — ดูได้ในการ์ดมอนแต่ละตัว (แถบ ⚠),Some monsters inflict an ailment when they hit — see each monster's card (the ⚠ bar)
มอนทุกตัวมีท่าพิเศษตามธาตุของมัน ใช้ทุก 7–11 วินาที หลบไม่ได้,"Every monster has a special move of its element, used every 7–11 seconds, which can't be dodged"
เควสต์เริ่มต้น (Tutorial Quests),Tutorial Quests
ทำทีละเควสต์ตามลำดับ ได้ Silver ยา และอุปกรณ์ · เปิดหน้าต่างเควสต์ด้วยปุ่ม Q,"Done one at a time, in order, for Silver, potions and gear · open the quest window with Q"
· Novice ตันที่ Job Lv.,· Novice caps at Job Lv.
(เปลี่ยนอาชีพ) · อาชีพอื่นตันที่ Job Lv.,(class change) · other classes cap at Job Lv.
Job EXP ที่ได้ = ครึ่งหนึ่งของ Base EXP ที่ได้จากมอน · มอนที่เลเวลสูงกว่าเราเกิน 10 ให้ EXP ลดลง 5% ต่อเลเวลที่เกิน (ต่ำสุด 10%),Job EXP gained = half of the Base EXP gained from the monster · monsters more than 10 levels above you give 5% less EXP per extra level (down to 10%)
เช็กอินได้วันละครั้ง นับ,Check in once a day; it counts
จำนวนครั้งที่กดรับ ไม่ใช่วันติดกัน,"how many times you claimed, not a streak"
— ขาดวันไปก็ไม่รีเซ็ต ครบ,— missing a day resets nothing; after
ล่ารายวัน: ล้มมอน,Daily hunt: defeat
ตัวในวันเดียว รับ,monsters in one day to receive
การบูชา: ใช้,Offering: use
ชิ้น วันละครั้ง รับ,pieces once a day to receive
ม้วน EXP x2 / Drop x2 และกิจกรรม,EXP x2 / Drop x2 Scrolls and Events
ทั้ง Base และ Job นาน,"for both Base and Job, lasting"
ทุกอย่าง นาน,"on everything, lasting"
ใช้ซ้ำเพื่อต่อเวลาได้ สะสมสูงสุด,"Use more to extend the time, up to"
· ตายแล้วบัฟไม่หาย · ม้วนเป็นของผูกตัว ขายและเทรดไม่ได้,· the buff survives death · scrolls are bound and can't be sold or traded
กิจกรรม EXP ที่ประกาศในแชท คูณทับโบนัสปาร์ตี้ Premium และม้วน EXP · บางกิจกรรมมีโอกาสดรอปไอเทมเพิ่มขึ้นพ่วงมาด้วยในช่วงเวลาเดียวกัน,"EXP events announced in chat multiply on top of party, Premium and EXP scroll bonuses · some events also carry a bonus item-drop chance for the same window"
คน · ยิ่งคนเยอะ ยิ่งได้ EXP และโอกาสดรอปเพิ่ม,"players · the more people, the more EXP and drop chance"
นับเฉพาะคนที่อยู่แมพเดียวกัน และเลเวลห่างจากคุณไม่เกิน,Only members on the same map and within this many levels of you count:
· ต้องนับได้อย่างน้อย 2 คนถึงเริ่มมีผล,· at least 2 must count before it takes effect
พิมพ์ /p ตามด้วยข้อความ เพื่อคุยในปาร์ตี้,Type /p followed by a message to talk to your party
กระเป๋า คลัง ตลาด และการเทรด,"Bag, Storage, Market and Trading"
ช่อง — อุปกรณ์ 1 ชิ้นกิน 1 ช่อง ไอเทมชนิดเดียวกันรวมเป็น 1 ช่อง,"slots — each gear piece takes 1 slot, items of the same kind share 1 slot"
น้ำหนักที่แบกได้เพิ่มตามเลเวล STR และพาสซีฟ Weight Training · ของหนักเกินหยิบของใหม่ไม่ได้,"How much you can carry grows with your level, STR and the Weight Training passive · when overweight you can't pick up new things"
ล็อกไอเทมที่สำคัญไว้ได้ ของที่ล็อกจะขาย ทิ้ง ลงตลาด หรือหลอมไม่ได้ กันกดพลาด,"Lock your important items: locked items can't be sold, dropped, listed or fused, so a slip can't lose them"
เทรดกับผู้เล่นอื่นได้โดยตรง (Silver อุปกรณ์ และไอเทม) — ของที่สวมอยู่และของผูกตัวเทรดไม่ได้,"Trade directly with other players (Silver, gear and items) — worn gear and bound items can't be traded"
Premium เป็นบัฟตามเวลา: EXP +,Premium is a timed buff: EXP +
(Job EXP ขึ้นตาม) · น้ำหนักแบก +,(Job EXP rises with it) · carry weight +
· ภาษีตลาดลดครึ่ง · เปิดตลาดได้จากทุกที่,· market tax halved · open the market from anywhere
Gold แลกกับ Silver ระหว่างผู้เล่นได้ที่กระดานแลก Gold (วางคำสั่งค้างได้คนละ,Gold trades against Silver between players on the Gold exchange (each player can keep this many open orders:
มอนสเตอร์ทุกชนิดและบอสประจำแมพ เลเวล ค่าพลัง จุดเกิด และของที่ดรอป — กดที่การ์ดเพื่อดูตารางดรอปเต็ม,"Every monster and map boss: level, stats, spawn points and drops — tap a card for the full drop table"
ทุกระบบในเกม อธิบายแบบสั้นก่อน แล้วค่อยกดดูสูตรละเอียด — เลือกหัวข้อจากสารบัญด้านล่าง,"Every system in the game, explained briefly first, with the full formulas one tap away — pick a topic from the contents below"
อย่าง),kinds)
· เกิดใหม่ทุก,· respawns every
โอกาสในตารางคิดต่อการล้ม 1 ตัว และแต่ละแถวสุ่มแยกกัน จึงได้หลายอย่างพร้อมกันได้,"Chances are per kill, and every row rolls on its own, so you can get several at once"
ตัวเลขนี้คือของที่ได้จากร้านค้า เควสต์ หรือกล่อง — ชิ้นที่ดรอปจากมอนสุ่มสเตตัสใหม่ตามขั้น (ดูหัวข้อขั้นของอุปกรณ์),"These numbers are for the piece from the shop, a quest or a box — a piece dropped by a monster rolls fresh stats by tier (see Gear Tiers)"
อาวุธที่ใส่ได้:,Weapons it can use:
มอนสเตอร์ในแมพนี้ (,Monsters on this map (
ชนิด · 👑 = บอสประจำแมพ เกิดใหม่ทุก,"kinds · 👑 = map boss, respawns every"
ประตูวาร์ปในแมพนี้ พาไปที่:,Warp gates on this map lead to:
ตายแล้วไม่เสีย EXP และไม่ตกของ,Dying costs no EXP and drops nothing
EXP แบ่งตามดาเมจ,EXP is shared by damage
— ทุกคนที่ตีมอนตัวเดียวกันได้ EXP ตามสัดส่วนดาเมจที่ทำ · Job EXP = ครึ่งหนึ่งของ Base EXP ที่ได้,— everyone who hits the same monster gets EXP in proportion to their damage · Job EXP = half of the Base EXP gained
วินาทีแรก หลังจากนั้นใครก็เก็บได้ ของหายไปใน,"seconds, then anyone can pick it up; it vanishes after"
ได้เมื่อ Novice ถึง Job Lv.,is possible once a Novice reaches Job Lv.
· สลับอาชีพได้ไม่จำกัด ไม่เสียเงิน · Job Level สเตตัส และสกิลของแต่ละอาชีพเก็บแยกไว้ สลับกลับมาได้คืนครบ,"· switch classes as often as you like, for free · each class keeps its own Job Level, stats and skills, all back when you switch back"
(ดูหัวข้อสกิลพาสซีฟ),(see Passive Skills)
ได้จากเควสต์ล่ารายวัน การบูชา Spirit Shard และการดรอป · ตีบวกหนึ่งครั้งใช้หนึ่งก้อน,"come from the daily hunt, the shard offering and drops · each refine uses one"
NPC ในเมือง,NPCs in
ย่อ-ขยายมินิแมพ,Shrink / expand minimap
พลังโจมตีของอาวุธประชิด และน้ำหนักที่แบกได้ (+30 ต่อแต้ม),Melee weapon attack and carry weight (+30 per point)
ความเร็วโจมตี (ASPD) และการหลบ (FLEE),Attack speed (ASPD) and dodge (FLEE)
HP สูงสุด พลังป้องกัน (DEF) และการฟื้น HP,"Max HP, defence (DEF) and HP recovery"
พลังเวท (MATK) ป้องกันเวท (MDEF) และ SP สูงสุด,"Magic attack (MATK), magic defence (MDEF) and max SP"
ความแม่นยำ (HIT) พลังโจมตีของธนู และลดเวลาร่าย (DEX รวม,"Accuracy (HIT), bow attack and shorter cast time (total DEX"
= ร่ายทันที),= instant cast)
โอกาสคริติคอล และ Perfect Dodge (หลบได้แน่นอน),Critical chance and Perfect Dodge (a guaranteed dodge)
— อาชีพอื่น DEX ไม่ได้ช่วยเรื่องเวลาร่าย,— for other classes DEX does nothing for cast time
HP ที่ฟื้นต่อรอบ = floor(MaxHP / 200) + floor(VIT / 5) (อย่างน้อย 1),HP per tick = floor(MaxHP / 200) + floor(VIT / 5) (at least 1)
SP ที่ฟื้นต่อรอบ = 1 + โบนัสจากพาสซีฟฟื้น SP (INT ไม่มีผลกับการฟื้น SP),SP per tick = 1 + the SP-recovery passive bonus (INT does not affect SP recovery)
โอกาสต่อการล้ม 1 ตัว,Chance per kill
สุ่มได้ 1 อย่าง:,One of:
สุ่มช่องก่อน แล้วสุ่มชื่อในช่องนั้น,"A slot is rolled first, then a name within that slot"
ใช้ 1 ก้อนต่อการตีบวก 1 ครั้ง,One per refine attempt
ชนิดที่มีการ์ดประจำตัว (ดูแท็บการ์ดมอนสเตอร์),species that have a card (see the Monster Cards tab)
บอสมีท่าโจมตีวงกว้างที่แรงมาก และมีสัญญาณเตือนบนพื้นก่อนลง — เห็นแล้วให้เดินออกจากวงทันที,Bosses have a very strong area attack that is marked on the ground before it lands — step out of the circle as soon as you see it
ATK ของอาวุธ,Weapon ATK
"และดาบสุ่มสเตตัสที่ดรอปจากมอนสเตอร์ — Rod, Staff, Quarterstaff, Bow และ Hammer ไม่นับ","and the random-stat swords monsters drop — Rod, Staff, Quarterstaff, Bow and Hammer don't count"
Weight Training +70 ต่อระดับ · Premium ×,Weight Training +70 per rank · Premium ×
กระซิบด้วย /w ชื่อ ข้อความ,Whisper with /w name message
ของมูลค่าคำสั่ง (เก็บตอนวาง ไม่คืนเมื่อยกเลิก),"of the order's value (charged when placed, not refunded on cancel)"
— เสียแค่เวลา HP เต็มตอนเกิดใหม่ที่,"— you only lose time, and respawn with full HP in"
🎯 ช่องอุปกรณ์ที่ดรอปบ่อย:,🎯 Gear slot it drops most:
(บ่อยกว่าช่องอื่น,(more often than other slots by
ตีบวกที่ช่างตีเหล็กได้สูงสุด +,Refine at the Blacksmith up to +
ลดดาเมจที่ได้รับ 1% ต่อ +1,cuts damage taken by 1% per +1
พาสซีฟ (ติดตัว ไม่ต้องกด),"Passive (always on, no button)"
ดูผลที่เลเวลสกิล:,Show the effect at skill level:
💡 สรุปสั้น ๆ,💡 In short
แต้มที่ใช้อัปสเตตัส 1 ขั้น = floor((ค่าปัจจุบัน − 1) / 10) + 2,Points to raise a stat by 1 = floor((current value − 1) / 10) + 2
แต้มที่ได้ตอนเลเวลขึ้น = floor(เลเวลใหม่ / 5) + 3 (เช่น ขึ้น Lv.10 ได้,Points gained on level up = floor(new level / 5) + 3 (e.g. reaching Lv.10 gives
"อาวุธ: +2 ATK ต่อขั้น (+1 ถึง +4), +3 (+5 ถึง +7), +4 (+8 ถึง +9), +5 (+10) รวม +30 ATK ที่ +10","Weapons: +2 ATK per level (+1 to +4), +3 (+5 to +7), +4 (+8 to +9), +5 (+10), +30 ATK in total at +10"
"อาวุธสายเวท (Rod, Staff — อาวุธที่มี MATK แต่ไม่มี ATK): โบนัสทุกขั้นเข้า MATK แทน รวม +30 MATK ที่ +10","Caster weapons (Rod, Staff — weapons with MATK and no ATK): every level goes to MATK instead, +30 MATK in total at +10"
ชุดเกราะ หมวก โล่ ผ้าคลุม รองเท้า: ทุก +1 ลดดาเมจที่ได้รับ 1% รวมทุกชิ้นสูงสุด 60%,"Armour, headgear, shield, garment, shoes: every +1 cuts damage taken by 1%, up to 60% across all pieces"
ชุดเกราะ หมวก โล่ ผ้าคลุม รองเท้า: ทุก +1 ลดดาเมจที่ได้รับ 1% รวมทุกชิ้นสูงสุด ,"Armour, headgear, shield, garment, shoes: every +1 cuts damage taken by 1%, up to "
ช่อง ได้ช่องแล้วจึงสุ่มชื่อในช่องนั้นอีกที ชื่อไม่มีผลกับตัวเลขสเตตัส มีผลแค่อาชีพ เลเวลที่ใส่ได้ และกองสเตตัสที่สุ่มติด,"slots; once the slot is picked, a name within it is rolled. The name doesn't change the numbers — only the class, the level to wear it and which stats can roll"
ดูอุปกรณ์ระบุชื่อ: ชิ้นไหนดรอป ชิ้นไหนต้องซื้อ,Show named gear: which drops and which you buy
· ตัวที่ซื้อจากร้าน เควสต์ และ Mystery Relic Box มีสเตตัสคงที่ ตัวที่ดรอปสุ่มสเตตัสใหม่ทุกชิ้น · กดที่แถวเพื่อดูรายละเอียด,"· pieces from the shop, quests and relic boxes have fixed stats; dropped pieces roll fresh ones · tap a row for details"
อาวุธ: ATK = (2–6) × ขั้น (อาวุธเวทได้ MATK แทน) · เกราะ/โล่/หมวก/ผ้าคลุม/รองเท้า: DEF = (1–3) × ขั้น,Weapons: ATK = (2–6) × tier (caster weapons get MATK instead) · armour/shield/headgear/garment/shoes: DEF = (1–3) × tier
แหวนซ้าย: CRIT = (1–3) × ขั้น หรือ ASPD +,Left ring: CRIT = (1–3) × tier or ASPD +
ตามขั้น (โอกาส,by tier (chance
ต่อชิ้น) · แหวนขวา: MATK = (1–3) × ขั้น และ SP = (5–15) × ขั้น,per piece) · right ring: MATK = (1–3) × tier and SP = (5–15) × tier
สเตตัสหลัก: สุ่มมา 1 ตัว (มีโอกาส,Main stats: 1 is rolled (with a
ได้ 2 ตัว) ตัวละ (1–3) × ขั้น จากกองที่ตรงกับสายของชิ้นนั้น,"chance of 2), each (1–3) × tier, from the pool that fits the piece"
• เกราะ หมวก โล่ ผ้าคลุม รองเท้า แว่นตา ผ้าพันคอ:,"• Armour, headgear, shield, garment, shoes, glasses, scarf:"
 ชั่วโมง, hours
 ชิ้นเป็นชิ้นใหม่, dropped pieces into a new one
 · ได้แต้มทุกครั้งที่ Base Level ขึ้น, · you earn points every time your Base Level goes up
 วินาที · ถ้าโดนตี จะหยุดฟื้น, seconds · after a hit it stops recovering for
 เท่าทั้ง HP และ SP," times faster, HP and SP alike"
 · ตีได้เฉพาะ, · only these can be refined:
 ก้อน ไม่ว่าสำเร็จหรือไม่," refine stone(s), success or not"
 ชิ้น ขั้นเดียวกัน, monster-dropped pieces of the same tier
 ต่อตัว (ประมาณ 1 ใน, per kill (about 1 in
 ตัว) และได้ครบทุกช่องจากมอนทุกชนิด," kills), and every monster drops every slot"
 เท่า — ดูได้ในหน้ามอนแต่ละตัว, times — see it on each monster's page
 หลังถูกล้ม ในช่องสุ่มที่มีผู้เล่น · ไม่มีประกาศว่าบอสอยู่ช่องไหน ต้องเดินหาเอง," after it falls, on a random channel with players · nobody announces which channel it is on; you have to search"
 ตัวเดียวที่มีโอกาส, is the only one with a chance of
 · Novice ตันที่ Job Lv., · Novice caps at Job Lv.
 (เปลี่ยนอาชีพ) · อาชีพอื่นตันที่ Job Lv., (class change) · other classes cap at Job Lv.
 วันเริ่มแผ่นใหม่, days a new sheet starts
 ตัวในวันเดียว รับ, monsters in one day to receive
 ชิ้น วันละครั้ง รับ, pieces once a day to receive
 ทั้ง Base และ Job นาน," for both Base and Job, lasting"
 ทุกอย่าง นาน," on everything, lasting"
 · ตายแล้วบัฟไม่หาย · ม้วนเป็นของผูกตัว ขายและเทรดไม่ได้, · the buff survives death · scrolls are bound and can't be sold or traded
 คน · ยิ่งคนเยอะ ยิ่งได้ EXP และโอกาสดรอปเพิ่ม," players · the more people, the more EXP and drop chance"
 · ต้องนับได้อย่างน้อย 2 คนถึงเริ่มมีผล, · at least 2 must count before it takes effect
 ช่อง — อุปกรณ์ 1 ชิ้นกิน 1 ช่อง ไอเทมชนิดเดียวกันรวมเป็น 1 ช่อง," slots — each gear piece takes 1 slot, items of the same kind share 1 slot"
 (Job EXP ขึ้นตาม) · น้ำหนักแบก +, (Job EXP rises with it) · carry weight +
 · ภาษีตลาดลดครึ่ง · เปิดตลาดได้จากทุกที่, · market tax halved · open the market from anywhere
 อย่าง), kinds)
 · เกิดใหม่ทุก, · respawns every
 ชนิด · 👑 = บอสประจำแมพ เกิดใหม่ทุก," kinds · 👑 = map boss, respawns every"
 วินาทีแรก หลังจากนั้นใครก็เก็บได้ ของหายไปใน," seconds, then anyone can pick it up; it vanishes after"
 · สลับอาชีพได้ไม่จำกัด ไม่เสียเงิน · Job Level สเตตัส และสกิลของแต่ละอาชีพเก็บแยกไว้ สลับกลับมาได้คืนครบ," · switch classes as often as you like, for free · each class keeps its own Job Level, stats and skills, all back when you switch back"
 = ร่ายทันที), = instant cast)
 — อาชีพอื่น DEX ไม่ได้ช่วยเรื่องเวลาร่าย, — for other classes DEX does nothing for cast time
 ชนิดที่มีการ์ดประจำตัว (ดูแท็บการ์ดมอนสเตอร์), species that have a card (see the Monster Cards tab)
" และดาบสุ่มสเตตัสที่ดรอปจากมอนสเตอร์ — Rod, Staff, Quarterstaff, Bow และ Hammer ไม่นับ"," and the random-stat swords monsters drop — Rod, Staff, Quarterstaff, Bow and Hammer don't count"
และดาบสุ่มสเตตัสที่ดรอปจากมอนสเตอร์ — ,and the random-stat swords monsters drop — 
อาวุธแต่ละชนิดและโล่มี ASPD พื้นฐานของตัวเอง บวกเพิ่มจาก AGI (ดูรายละเอียดในหน้าอุปกรณ์แต่ละชิ้น),"Each weapon and shield has its own base ASPD, on top of AGI (see each item's own page for the details)"
ความแม่นยำ (HIT) พลังโจมตีของธนูและคุไน และลดเวลาร่าย (DEX รวม,"Accuracy (HIT), bow and kunai attack and shorter cast time (total DEX"
 ของมูลค่าคำสั่ง (เก็บตอนวาง ไม่คืนเมื่อยกเลิก)," of the order's value (charged when placed, not refunded on cancel)"
 ช่อง ได้ช่องแล้วจึงสุ่มชื่อในช่องนั้นอีกที ชื่อไม่มีผลกับตัวเลขสเตตัส มีผลแค่อาชีพ เลเวลที่ใส่ได้ และกองสเตตัสที่สุ่มติด," slots; once the slot is picked, a name within it is rolled. The name doesn't change the numbers — only the class, the level to wear it and which stats can roll"
 ตามขั้น (โอกาส, by tier (chance
 ต่อชิ้น) · แหวนขวา: MATK = (1–3) × ขั้น และ SP = (5–15) × ขั้น, per piece) · right ring: MATK = (1–3) × tier and SP = (5–15) × tier
 ได้ 2 ตัว) ตัวละ (1–3) × ขั้น จากกองที่ตรงกับสายของชิ้นนั้น," chance of 2), each (1–3) × tier, from the pool that fits the piece"
Base Level สูงสุดขยับจาก 99 เป็น ,The Base Level cap moved from 99 to 
ทำไม่ได้ (เพดานหลบ ${Math.round(cap * 100)}%),Not possible (dodge cap ${Math.round(cap * 100)}%)
"FLEE ≥ ${fleeNeededFor(chance, isBoss)} เหนือเลเวลตัวเอง","FLEE ≥ ${fleeNeededFor(chance, isBoss)} over your own level"
 (บอส เพดานหลบ 87%)," (boss, dodge cap 87%)"
 (เพดานหลบ 95%), (dodge cap 95%)
ตี-หลบ มอนสเตอร์ (HIT / FLEE),Hitting & dodging monsters (HIT / FLEE)
HIT ของเรากับ FLEE ของมอน ตัดสินว่า “ตีโดนมั้ย” — ห่างกันทุก 20 แต้ม เปลี่ยนโอกาสโดน 10% เพดานอยู่ที่ 50–100%,"Your HIT vs. the monster's FLEE decides whether you land a hit — every 20 points apart shifts the odds 10%, capped between 50–100%"
คริติคอลตีโดนเสมอ ไม่ต้องสนใจ FLEE ของมอน · สกิลเวท (MATK) หลบไม่ได้เลย มีแต่ MDEF ที่ลดดาเมจ,"A critical always lands, no matter the monster's FLEE · spell skills (MATK) can never be dodged — only MDEF reduces their damage"
โอกาสตีโดน = ${HIT_CHANCE.even * 100}% + (HIT − FLEE มอน) × ${HIT_CHANCE.perPoint * 100}% ต่อแต้ม<br>,Hit chance = ${HIT_CHANCE.even * 100}% + (HIT − monster FLEE) × ${HIT_CHANCE.perPoint * 100}% per point<br>
ต่ำสุด ${HIT_CHANCE.min * 100}% (ต่อให้ HIT ต่ำกว่ามากแค่ไหน) · สูงสุด ${HIT_CHANCE.max * 100}% (HIT เกิน FLEE มอน 20 ขึ้นไปคือโดนชัวร์)<br>,Floor ${HIT_CHANCE.min * 100}% (no matter how far behind your HIT is) · ceiling ${HIT_CHANCE.max * 100}% (HIT 20 or more over the monster's FLEE always lands)<br>
FLEE ของมอน = 100 + 2 × เลเวล (ปัดเศษ) — มอนเลเวลลึกยิ่งหลบเราง่ายขึ้น ต้องมี HIT ตามให้ทัน,"Monster FLEE = 100 + 2 × level (rounded) — a deeper monster dodges you more easily, so you need HIT to keep up"
โอกาสหลบ (ก่อนหักเพดาน) = (FLEE เรา − เลเวลเรา) × 0.8% ÷ 1.3 — ตัวหาร 1.3 มาจากมอนแม่นขึ้น 30% เวลาตีผู้เล่น (ทั้งมอนทั่วไปและบอสเท่ากัน)<br>,Dodge chance (before the cap) = (your FLEE − your level) × 0.8% ÷ 1.3 — the ÷1.3 comes from monsters swinging 30% more accurately at players (the same for regular monsters and bosses)<br>
FLEE จากอุปกรณ์/การ์ดนับได้ไม่เกิน ${Math.round(GEAR_FLEE_DODGE_CAP * 100)}% ของโอกาสหลบ ส่วน FLEE จาก AGI/LUK/Fleet Foot ไม่มีเพดาน<br>,FLEE from gear/cards counts for at most ${Math.round(GEAR_FLEE_DODGE_CAP * 100)}% of the dodge chance; FLEE from AGI/LUK/Fleet Foot has no cap<br>
"เพดานโอกาสหลบจริง: <b>95%</b> กับมอนทั่วไป, <b>87%</b> กับมอนที่เป็นบอส (Crowned) · เวทหลบไม่ได้เลย","Real dodge ceiling: <b>95%</b> against a regular monster, <b>87%</b> against a boss (Crowned) · spells can never be dodged"
"กับบอส เพดานหลบอยู่แค่ 87% ต่อให้ FLEE ล้นก็หลบไม่เกินนี้ — ต้องมี ${fleeNeedText(true, 0.87)} ถึงจะแตะเพดาน</p>","Against a boss the dodge ceiling is only 87% — no matter how much FLEE you stack, you cannot dodge more than that — you need ${fleeNeedText(true, 0.87)} to reach that ceiling</p>"
ทำไม่ได้ (เพดานหลบ ,Not possible (dodge cap 
 เหนือเลเวลตัวเอง, over your own level
 · เกิดใหม่ทุก , · respawns every 
🎯 ต้องมีค่าอะไรถึงจะตี-หลบมอนตัวนี้ได้ดี,🎯 What you need to hit and dodge this monster well
ตีโดนมอนตัวนี้ (FLEE ,Land a hit on this monster (FLEE 
โดน 80%,80% hit chance
โดน 95%,95% hit chance
โดน 100% (เพดานสูตร),100% hit chance (formula cap)
หลบ 50%,50% dodge chance
หลบ 80%,80% dodge chance
1) ตีมอนให้โดน: HIT ของเรา vs FLEE ของมัน,1) Landing a hit: your HIT vs. its FLEE
โอกาสตีโดน = ,Hit chance = 
% + (HIT − FLEE มอน) × ,% + (HIT − monster FLEE) × 
% ต่อแต้ม,% per point
ต่ำสุด ,Floor 
% (ต่อให้ HIT ต่ำกว่ามากแค่ไหน) · สูงสุด ,% (no matter how far behind your HIT is) · ceiling 
% (HIT เกิน FLEE มอน 20 ขึ้นไปคือโดนชัวร์),% (HIT 20 or more over the monster's FLEE always lands)
ตัวอย่าง: ,Example: 
 มี FLEE , has FLEE 
 — ต้องมี , — you need 
" จะตีโดน 80% ของครั้ง, "," to land 80% of hits, "
" จะโดน 95%, "," for 95%, "
 จะโดนทุกครั้ง, to always land
บอสอย่าง ,The boss 
 มี FLEE สูงถึง , has FLEE as high as 
 จึงต้องการ ,", so it takes "
 เพื่อโดน 95% — เลขนี้ดูได้ทุกตัวในหน้ามอนสเตอร์แต่ละตัว, to land 95% — this number is shown on every monster's own page
2) หลบการโจมตีของมอน: FLEE ของเรา,2) Dodging a monster's attacks: your own FLEE
โอกาสหลบ (ก่อนหักเพดาน) = (FLEE เรา − เลเวลเรา) × 0.8% ÷ 1.3 — ตัวหาร 1.3 มาจากมอนแม่นขึ้น 30% เวลาตีผู้เล่น (ทั้งมอนทั่วไปและบอสเท่ากัน),Dodge chance (before the cap) = (your FLEE − your level) × 0.8% ÷ 1.3 — the ÷1.3 comes from monsters swinging 30% more accurately at players (the same for regular monsters and bosses)
FLEE จากอุปกรณ์/การ์ดนับได้ไม่เกิน ,FLEE from gear/cards counts for at most 
% ของโอกาสหลบ ส่วน FLEE จาก AGI/LUK/Fleet Foot ไม่มีเพดาน,% of the dodge chance; FLEE from AGI/LUK/Fleet Foot has no cap
เพดานโอกาสหลบจริง: ,Real dodge ceiling: 
" กับมอนทั่วไป, "," against a regular monster, "
 กับมอนที่เป็นบอส (Crowned) · เวทหลบไม่ได้เลย, against a boss (Crowned) · spells can never be dodged
ตัวอย่าง: อยากหลบมอนทั่วไป 80% ของครั้ง ต้องมี ,Example: to dodge a regular monster 80% of the time you need 
 (คือ FLEE ที่หน้าต่างค่าสถานะลบเลเวลตัวเองแล้วเหลือเท่านี้) · จะหลบเต็มเพดาน 95% ต้องมี ," (the FLEE the status window shows, minus your own level) · to hit the full 95% cap you need "
กับบอส เพดานหลบอยู่แค่ 87% ต่อให้ FLEE ล้นก็หลบไม่เกินนี้ — ต้องมี ,"Against a boss the dodge ceiling is only 87% — no matter how much FLEE you stack, you cannot dodge more than that — you need "
 ถึงจะแตะเพดาน, to reach that ceiling
ตัวเลข “ต้องมี HIT/FLEE เท่าไหร่” ของมอนแต่ละตัวดูได้ในการ์ดมอนตัวนั้น (แท็บมอนสเตอร์ → กดที่ตัวมอน),The exact “HIT/FLEE you need” numbers for each monster are on that monster's own card (Monster tab → tap the monster)
ดรอปจากมอนสเตอร์เท่านั้น (ไม่มีขายในร้านค้า — ดูรายชื่อด้านล่าง),Drops from monsters only (not sold in the shop — see the list below)
ยังไม่มีแหล่งดรอป (ไม่มีขายในร้านค้า),No known drop source yet (not sold in the shop)
ไม่ดรอปจากมอนสเตอร์โดยตรง (ดูแหล่งอื่นด้านบน),Doesn't drop from monsters directly (see the other source above)
ไม่มีขายในร้านค้า (ดูแหล่งอื่นด้านล่าง),Not sold in the shop (see the other source below)
คริติคอลและเจาะเกราะ (Critical / Pierce),Critical & Pierce
คริติคอลตีโดนเสมอ ข้ามการเช็ค HIT/FLEE ไปเลย และดาเมจคูณ 2 บวกโบนัสคริดาเมจเพิ่มเติมจากพาสซีฟ อุปกรณ์ หรือการ์ด,"A critical always lands, skipping the HIT/FLEE check entirely, and doubles the damage plus any extra crit-damage bonus from passives, gear or cards"
<b>คริติคอลไม่ทะลุเกราะ</b> — ต่างจากเกมแนว Ragnarok ทั่วไป ดาเมจคริติคอลยังโดนหักด้วย DEF% / MDEF% ของมอนสเตอร์เหมือนดาเมจปกติทุกประการ,"<b>A critical does not ignore armor</b> — unlike most Ragnarok-style games, critical damage is still reduced by the monster's DEF% / MDEF%, exactly like normal damage"
เจาะกาย (pierce) และเจาะเวท (mpierce) ลดสัดส่วน DEF%/MDEF% ที่โดนหัก ใช้ได้กับดาเมจคริติคอลด้วย เพดานสูงสุด ${SPECIAL_CAPS.pierce}%,"Armor pierce (pierce) and magic pierce (mpierce) reduce the share of DEF%/MDEF% that gets deducted, including on critical hits — capped at ${SPECIAL_CAPS.pierce}%"
ดาเมจ = ATK × ตัวคูณคริ (×2 ถ้าคริ บวกคริดาเมจเพิ่ม) × (1 − DEF% มอน × (1 − pierce%))<br>,"Damage = ATK × crit multiplier (×2 if critical, plus any extra crit damage) × (1 − monster DEF% × (1 − pierce%))<br>"
มอนสเตอร์ Elite,Elite Monsters
มอนธรรมดาทุกตัวในทุกแมพล่ามีโอกาส ${pct(ELITE.chance)} ที่จะเกิดใหม่เป็น Elite แทน — ขึ้นชื่อ ★ Elite และตัวใหญ่กว่าเดิม โทนสีอุ่นกว่าเดิม,"Any ordinary monster on any hunting map has a ${pct(ELITE.chance)} chance to respawn as an Elite instead — marked ★ Elite, bigger than normal, with a warmer color tint"
"Elite มี HP ×${ELITE.hp}, ให้ EXP และดรอป ×${ELITE.reward}, โอกาสดรอปสูงขึ้น ×${ELITE.luck} เท่าตัวธรรมดา — แลกกับดาเมจที่ตีแรงขึ้นแค่ ×${ELITE.damage} เท่านั้น","An Elite has ×${ELITE.hp} HP, gives ×${ELITE.reward} EXP and drops, and ×${ELITE.luck} the drop luck of a normal monster — but its damage only goes up by ×${ELITE.damage}"
บอส (Crowned) ไม่มีวันเกิดเป็น Elite — Elite คือขั้นกลางระหว่างมอนธรรมดากับบอสประจำแมพ,A boss (Crowned) never becomes an Elite — an Elite is the middle step between an ordinary monster and the map's boss
บล็อกไว้: ,Blocked: 
ยังไม่ได้บล็อกใคร · บล็อกด้วย /block ชื่อ หรือคลิกขวาที่ชื่อในแชท,You haven't blocked anyone · block with /block name or right-click a name in chat
เลิกบล็อกแล้ว: ,Unblocked: 
ไม่ได้บล็อกไว้: ,Not blocked: 
บล็อกแล้ว: ,Blocked: 
 · จะไม่เห็นข้อความของผู้เล่นนี้อีก (เลิกบล็อกด้วย /unblock ชื่อ), · you won't see this player's messages any more (undo with /unblock name)
บล็อกไว้แล้ว: ,Already blocked: 
รีพอร์ตไม่สำเร็จ — แชทยังเชื่อมต่อไม่ได้,Report failed — chat isn't connected yet
ซ่อนข้อความทุกช่องของผู้เล่นนี้ในเครื่องคุณ · อีกฝ่ายไม่รู้ตัว,Hide this player's messages in every channel on your device · they are not told
แจ้งทีมงานว่าผู้เล่นนี้พิมพ์ไม่เหมาะสม · ถ้าหลายคนรีพอร์ตพร้อมกัน ระบบจะพักแชทให้ทันที,"Tell the staff this player is abusive in chat · when several players report at once, their chat is paused right away"
รีพอร์ตผู้เล่นนี้ไปแล้ว · ทีมงานได้รับเรื่องแล้ว,You already reported this player · the staff have it
รีพอร์ตบ่อยเกินไป กรุณารอสักครู่,"Too many reports, please wait a moment"
ส่งรีพอร์ตแล้ว ขอบคุณที่ช่วยดูแลแชท · ถ้าไม่อยากเห็นข้อความอีก บล็อกได้จากเมนูเดียวกัน,"Report sent, thanks for helping keep chat friendly · to stop seeing their messages, block them from the same menu"
ผู้เล่นหลายคนรีพอร์ตข้อความของคุณ · พักแชท ,Several players reported your messages · chat paused for 
คุณถูกพักแชทอีก ,Your chat is paused for another 
 เพราะพิมพ์คำไม่สุภาพหรือถูกรีพอร์ต, for rude language or reports
พิมพ์คำไม่สุภาพบ่อยเกินไป · พักแชท ,Too much rude language · chat paused for 
ข้อความมีคำไม่สุภาพ ระบบเซ็นเซอร์ให้แล้ว · อีก ,Your message had rude words and was censored · 
 ครั้งจะถูกพักแชท, more and your chat is paused
 เพราะผู้เล่นหลายคนรีพอร์ต, because several players reported you
ข้อความมีคำไม่สุภาพ ระบบเซ็นเซอร์ให้แล้ว,Your message had rude words and was censored
ส่งรีพอร์ตไม่สำเร็จ กรุณาลองใหม่,"Couldn't send the report, please try again"
พิมพ์คุยกับคนในแมพนี้...,Message players on this map...
แชทแมพ — เห็นเฉพาะคนในแมพและแชนแนลเดียวกัน · พิมพ์ /m ข้อความ จากแท็บไหนก็ได้,Map chat — only players on the same map and channel see it · type /m message from any tab
พิมพ์ซื้อ ขาย แลกของ...,"Buy, sell or swap items..."
ช่องเทรด — ประกาศซื้อ ขาย แลกของ · พิมพ์ /t ข้อความ จากแท็บไหนก็ได้,"Trade channel — post what you buy, sell or swap · type /t message from any tab"
พิมพ์หาปาร์ตี้ หาทีม...,Look for a party or team...
ช่องหาปาร์ตี้ — ชวนเข้าตี้ หาทีมล่าบอส · พิมพ์ /lfg ข้อความ จากแท็บไหนก็ได้,"Party finder — invite players, team up for bosses · type /lfg message from any tab"
ข้อความแชทแมพไม่ถูกส่ง — ยังไม่ได้พิมพ์ข้อความ,Map message not sent — nothing was typed
ข้อความไม่ถูกส่ง — ยังไม่ได้พิมพ์ข้อความ,Message not sent — nothing was typed
พิษงู ,Venom 
คุไนพิษ (Viper Kunai),Viper Kunai
นักฆ่างูพิษ ขว้างคุไนโจมตีระยะไกลด้วยพลังจาก DEX ฝังพิษงูซ้อนได้ 5 ชั้น แล้วระเบิดพิษทั้งหมดในทีเดียว เก่งตีบอสและกระจายพิษใส่มอนหลายตัว,"A pit-viper assassin who throws a kunai from range, powered by DEX. Stacks up to 5 layers of venom, then bursts it all at once. Strong against bosses and at spreading poison across a pack."
พาสซีฟ · ดาเมจพิษงู +4% ต่อระดับ (สูงสุด +40%) · ATK +1% ต่อระดับเมื่อถือคุไน (สูงสุด +10%),Passive · Venom damage +4% per level (up to +40%) · ATK +1% per level while holding a kunai (up to +10%)
พาสซีฟ · ศัตรูที่ติดพิษงูตั้งแต่ 3 ชั้นทำดาเมจลดลง 1.5% ต่อระดับ (สูงสุด −15%) · FLEE +1% ต่อระดับ (สูงสุด +10%),Passive · Enemies carrying 3+ Venom stacks deal 1.5% less damage per level (up to −15%) · FLEE +1% per level (up to +10%)
พาสซีฟ · ดาเมจกายภาพต่อศัตรูที่ติดพิษงู +4% ต่อระดับ (สูงสุด +40%) · ASPD +1% ต่อระดับ (สูงสุด +10%),Passive · Physical damage against Venomed enemies +4% per level (up to +40%) · ASPD +1% per level (up to +10%)
% ATK · ติดพิษงู ,% ATK · Venom ×
 ชั้น · ระยะ , stack(s) · range 
หมอกพิษรอบตัว ,Poison mist around you 
 ชั้นทุกตัวที่โดน · ระยะ , stack(s) on everything hit · range 
ระเบิดพิษงูทุกชั้นบนเป้าหมาย ,Bursts every Venom stack on the target 
% ต่อชั้น (5 ชั้น = ,% per stack (5 stacks = 
%) · ครบ 5 ชั้นติดสตัน ,%) · 5 stacks stun for 
 วินาที · ระยะ ,s · range 
ชุบพิษบนอาวุธ ,Coats your weapon in venom for 
 วินาที · โจมตีปกติมีโอกาส ,s · basic attacks have a 
% ติดพิษงู 1 ชั้น,% chance to lay 1 Venom stack
พิษงูซ้อนได้ 5 ชั้น เสีย HP ทุกวินาทีตามจำนวนชั้น,Venom stacks up to 5; loses HP every second per stack
อาวุธชุบพิษ การโจมตีปกติมีโอกาสติดพิษงู,Venom-coated weapon: basic attacks may lay Venom
เขี้ยวพิษฝังลึก ทุกชั้นที่ซ้อนกัดกินเลือดเนื้อเร็วขึ้น,The fangs sink deep; every stack eats away faster
คมมีดชุ่มไปด้วยพิษงู รอเพียงบาดแผลเดียว,"The blade drips with venom, waiting for a single cut"
 ชั้น · HP −, stack(s) · HP −
 ทุกวินาที, every second
โจมตีปกติติดพิษงู ,Basic attacks lay Venom 
"และดาบสุ่มสเตตัสที่ดรอปจากมอนสเตอร์ — Rod, Staff, Quarterstaff, Bow, Viper Kunai และ Hammer ไม่นับ","and the random-stat swords monsters drop — Rod, Staff, Quarterstaff, Bow, Viper Kunai and Hammer don't count"
" และดาบสุ่มสเตตัสที่ดรอปจากมอนสเตอร์ — Rod, Staff, Quarterstaff, Bow, Viper Kunai และ Hammer ไม่นับ"," and the random-stat swords monsters drop — Rod, Staff, Quarterstaff, Bow, Viper Kunai and Hammer don't count"
โบนัส EXP กิล,Guild EXP bonus
ได้ตลอดเวลาที่อยู่ในกิล ยิ่งกิลเลเวลสูง โบนัสยิ่งมาก อัปเลเวลกิลด้วยการบริจาค Spirit Shard และ Silver ในหน้ากิล,"Active for as long as you are in a guild, and bigger at higher guild levels. Level the guild up by donating Spirit Shards and Silver in the guild window."
ได้ตลอดเวลาที่อยู่ในกิล ยิ่งกิลเลเวลสูง โบนัสยิ่งมาก อัปเลเวลกิลด้วย EXP กิลที่สมาชิกแชร์ และ Spirit Shard ในหน้ากิล,"Active for as long as you are in a guild, and bigger at higher guild levels. Level the guild up with guild EXP shared by members and Spirit Shards in the guild window."
ส่งคำขอแล้ว รอหัวกิลตอบรับ,Request sent. Waiting for the guild leader
คำขอกิลนี้เต็มแล้ว กรุณาลองใหม่ภายหลัง,Request queue is full. Try again later
ต้องใช้ Gold 800 เพื่อสร้างกิล,Creating a guild requires 800 Gold
"ต้องใช้ Silver 200,000 เพื่อสร้างกิล","Creating a guild requires 200,000 Silver"
"ต้องใช้ Spirit Shard 1,000 ชิ้นเพื่อสร้างกิล","Creating a guild requires 1,000 Spirit Shards"
ต้องร่วมจ่าย Spirit Shard อย่างน้อย 1 ชิ้น,Contribute at least 1 Spirit Shard
ต้องร่วมจ่าย Spirit Shard หรือ Silver อย่างน้อย 1,Contribute at least 1 Spirit Shard or 1 Silver
สะสมครบแล้ว · กิลอัปเลเวลสำเร็จ · คุณร่วมจ่าย ${paid},Contribution target reached · guild leveled up · you contributed ${paid}
ร่วมจ่าย Spirit Shard ${body.spent.toLocaleString('en-US')} ชิ้นแล้ว,Contributed ${body.spent.toLocaleString('en-US')} Spirit Shards
สะสมครบแล้ว · กิลอัปเลเวลสำเร็จ · คุณร่วมจ่าย Spirit Shard ${body.spent.toLocaleString('en-US')} ชิ้น,Contribution target reached · guild leveled up · you contributed ${body.spent.toLocaleString('en-US')} Spirit Shards
ชื่อกิลต้องยาว 3–20 ตัวอักษร และห้ามมีเครื่องหมาย < >,Guild names must be 3–20 characters and cannot contain < >
คุณมีกิลอยู่แล้ว — ออกจากกิลเดิมก่อน,You already have a guild — leave it first
ติดต่อระบบกิลไม่ได้ กรุณาลองใหม่,Could not reach the guild service. Try again
กิลเต็มแล้ว (${guild.members.length}/${guildCapacity(guild.level)} คน),The guild is full (${guild.members.length}/${guildCapacity(guild.level)} members)
กิลถึงเลเวลสูงสุดแล้ว (Lv.${GUILD_MAX_LEVEL}),The guild has reached maximum level (Lv.${GUILD_MAX_LEVEL})
ต้องใช้ Spirit Shard ${cost.toLocaleString('en-US')} ชิ้นเพื่ออัปเลเวลกิล,Requires ${cost.toLocaleString('en-US')} Spirit Shards to level up the guild
อัปเลเวลกิลสำเร็จ · ใช้ Spirit Shard ${body.spent.toLocaleString('en-US')} ชิ้น,Guild leveled up · spent ${body.spent.toLocaleString('en-US')} Spirit Shards
ประกาศกิลยาวได้ไม่เกิน ${GUILD_ANNOUNCE_MAX} ตัวอักษร ${GUILD_ANNOUNCE_LINES} บรรทัด,The guild notice can be at most ${GUILD_ANNOUNCE_MAX} characters and ${GUILD_ANNOUNCE_LINES} lines
เชิญผู้เล่นคนนี้เข้ากิลของคุณ · อีกฝ่ายกดรับก็เข้ากิลทันที,Invite this player to your guild · they join as soon as they accept
ยินดีต้อนรับสู่กิล ,Welcome to the guild 
 อยู่ในกิลนี้แล้ว, is already in this guild
 มีกิลอยู่แล้ว, already belongs to a guild
 เข้าร่วมกิลแล้ว, joined the guild
 กำลังพิจารณาคำเชิญของกิลอื่นอยู่, is considering another guild's invitation
 ปฏิเสธคำเชิญเข้ากิล, declined the guild invitation
ส่งคำเชิญเร็วเกินไป กรุณารอสักครู่,Sending invitations too fast. Please wait a moment
ส่งคำเชิญเข้ากิลถึง ,Guild invitation sent to 
 แล้ว — รออีกฝ่ายตอบรับ, — waiting for their answer
ลานฝึก · ทดสอบดาเมจกับหุ่นฟาง · ไม่มี EXP และไอเท็ม,Training yard · test your damage on straw dummies · no EXP or items
DPS เฉลี่ย,Average DPS
DPS 5 วิล่าสุด,"DPS, last 5 s"
ตีหุ่นฟางเพื่อเริ่มจับเวลา · หยุดตี 4 วิ = จบรอบ,Hit a straw dummy to start the clock · stop for 4 s to end the round
ร้านค้า Silver · ซื้อและขายไอเทม,Silver Shop · buy and sell items
พื้นฐาน ,Base 
 + อุปกรณ์ , + gear 
 แล้วคูณ ATK +, then multiply ATK +
 แล้วคูณ MATK +, then multiply MATK +
พลังเวทสำหรับสกิลเวท · ,Magic power for magic skills · 
ลูกธนูถูกถอดออกจากเกมแล้ว — คืนเงิน ,Arrows have left the game — refunded 
 silver (1 silver ต่อลูก) · นักธนูยิงได้ไม่จำกัด, silver (1 silver per arrow) · Archers now shoot without ammunition
ยา ของใช้ อุปกรณ์ หาที่ร้านข้าได้เลย,"Potions, supplies, equipment — find them all at my shop"
นักธนูผู้ปราดเปรียวและแม่นยำ โจมตีระยะไกลด้วยธนู ยิงได้ไม่จำกัดโดยไม่ต้องใช้กระสุน,"A swift, precise archer who attacks from range with a bow, shooting freely with no ammunition"
 · กดเพื่อย้ายภูมิภาคหรือช่อง, · tap to switch region or channel
ช่องที่เลือกเต็มแล้ว ลองช่องอื่นดูนะ,That channel is full — try another one
คุยในห้อง ,Chat in 
แชทโลก: ห้อง ,World chat: 
เลือกห้องแชทโลกตามภาษาที่คุย · ไม่เกี่ยวกับภูมิภาคที่เล่น จึงย้ายเซิร์ฟเวอร์ได้โดยไม่เสียเพื่อนคุย,"Pick your world chat room by the language you speak · It is not tied to the region you play in, so you can move server without losing the people you chat with"
แชทโลก: ,World chat: 
กำลังวัด ping…,measuring ping…
วัด ping ไม่ได้,ping unavailable
 · พอๆ กับตอนนี้, · about the same
 · เร็วกว่าตอนนี้ , · faster by 
ping คือเวลาไป-กลับถึงเซิร์ฟเวอร์ของภูมิภาคนั้น วัดสดทุกครั้งที่เปิดหน้านี้ · ,"ping is the round trip to that region's server, measured live each time you open this list · "
ping ตอนนี้ ,ping right now 
 วัดได้ , measured 
 · ภูมิภาคที่เล่นอยู่ตอนนี้ไม่ตอบเลย, · the region you are playing on is not answering at all
 · ย้ายแล้วจะโหลดแผนที่ใหม่สักครู่ และจะเจอผู้เล่นคนละกลุ่มกับภูมิภาคเดิม," · Moving reloads the map for a moment, and you will meet a different set of players"
ช่องที่ ,Channel 
 · อยู่ตอนนี้, · you are here
 จาก , of 
 · กดเพื่อย้ายช่อง, · tap to switch channel
 · แมพนี้เปิดช่องเดียว, · this map runs one channel
ย้ายช่องจะโหลดแผนที่ใหม่สักครู่ · เพื่อนในปาร์ตี้ที่อยู่แมพนี้จะตามไปช่องเดียวกันเมื่อเข้าเกม,Switching reloads the map for a moment · party members on this map join your channel when they log in
กำลังย้ายไปช่องที่ ,Moving to channel 
"ฉลองผู้เล่น 1,200 คน! กิจกรรม EXP x","1,200 players — let us celebrate! Event: EXP x"
 ได้ทั้ง Base EXP และ Job EXP จนถึง ," on both Base EXP and Job EXP, until "
 น. ขอบคุณที่ชอบเกมนี้ ขอบคุณที่เข้ามาเล่นด้วยกันนะ," — thank you for loving this game, and thank you for playing it with us"
พาสซีฟ · VIT +2 และ HP สูงสุด +0.5% ต่อระดับ (สูงสุด +20 / +5%),Passive · VIT +2 and MaxHP +0.5% per rank (up to +20 / +5%)
พาสซีฟ · INT +2 และ SP สูงสุด +0.5% ต่อระดับ (สูงสุด +20 / +5%) · MATK เพิ่มเท่ากับ 1.5% ของ SP สูงสุด และ 10.5% ของ DEX ต่อระดับ (สูงสุด 15% / 105%),Passive · INT +2 and MaxSP +0.5% per rank (up to +20 / +5%) · MATK +1.5% of MaxSP and +10.5% of DEX per rank (up to 15% / 105%)
พาสซีฟ · MATK +6% ต่อระดับ (สูงสุด +60%) · ลด SP ที่สกิลใช้ 1% ต่อระดับ (สูงสุด 10%),Passive · MATK +6% per rank (up to +60%) · skills cost 1% less SP per rank (up to 10%)
"พาสซีฟ · STR +1, ATK +5% และน้ำหนักที่แบกได้ +70 ต่อระดับ (สูงสุด STR +10 · ATK +50% · น้ำหนัก +700)","Passive · STR +1, ATK +5% and carry weight +70 per rank (up to STR +10 · ATK +50% · weight +700)"
พาสซีฟ · ดาเมจคริติคอล +2% และ ASPD +1% ต่อระดับ (สูงสุด +20% / +10%) · ATK เพิ่มเท่ากับ 5.5% ของ AGI ต่อระดับ (สูงสุด 55%),Passive · Critical damage +2% and ASPD +1% per rank (up to +20% / +10%) · ATK +5.5% of AGI per rank (up to 55%)
ตีปกติโดนต่อเนื่อง ดาเมจตีปกติเพิ่มขึ้นทุกครั้ง,Keep landing basic attacks: basic attack damage rises with every hit
ทุกการฟันไหลต่อเนื่องเป็นจังหวะเดียว ยิ่งตีไม่หยุด คมอาวุธยิ่งหนักหน่วง,"Every swing flows into the next; the longer you keep striking, the heavier your blade falls"
ดาเมจตีปกติ +,Basic attack damage +
 ชั้น), stacks)
ใช้สกิลโจมตี หรือไม่ได้ตีโดน 10 วินาที ชั้นจะหายหมด,"Using an attack skill, or 10 seconds without landing a hit, clears every stack"
 วินาที · ตัวเอง เพื่อนที่เลือกไว้ และสมาชิกปาร์ตี้ในระยะ ,"s · self, the picked ally and party members within "
ตัวเองและตัวละครรอบตัวในระยะ ,self and every character within 
 วินาที · ตัวเองและสมาชิกปาร์ตี้ทุกคนในแมพเดียวกัน,s · self and every party member on the same map
 วินาที · ตัวเอง สมาชิกปาร์ตี้ทุกคนในแมพเดียวกัน และตัวละครรอบตัวในระยะ ,"s · self, every party member on the same map, and every character within "
ล้างสถานะผิดปกติทั้งหมดและกันไว้ ,Cleanses every ailment and wards for 
 วินาที · ตัวเองและสมาชิกปาร์ตี้ในระยะ ,s · self and party members within 
 วินาที · เผยศัตรูที่ซ่อนตัวในระยะ ,s · reveals hidden enemies within 
 · เผยศัตรูที่ซ่อนตัวในระยะ , · reveals hidden enemies within 
AGI และ DEX +,AGI and DEX +
% และ DEX +,% and DEX +
 เป็นเวลา , for 
ซ่อนตัว ,Hidden for 
 วินาที · ดาเมจ ×,s · damage x
 · โอกาสคริใช้ค่าคริของตัวละครตามปกติ, · critical chance follows the character sheet as usual
ยั่วยุศัตรูในระยะ ,Taunts enemies within 
 ให้เข้าหาและโจมตีผู้ใช้ · ศัตรู ATK −, into chasing and attacking the user · enemy ATK -
% และรับดาเมจ +,% and damage taken +
ถูกยั่วยุให้ไล่ตามผู้ท้าทาย · ATK ลดลงและรับดาเมจมากขึ้น,Goaded into chasing the challenger · lower ATK and higher damage taken
AGI และ DEX เพิ่มขึ้นเป็นเปอร์เซ็นต์ชั่วคราว,AGI and DEX temporarily increased by a percentage
ซ่อนตัวจากศัตรู และการโจมตีแรงขึ้น,"Hidden from enemies, and attacks hit harder"
เสียงท้าทายก้องในหัว มองไม่เห็นอะไรนอกจากผู้ที่ยั่วยุ,The challenge rings in its head; it sees nothing but the one who taunted it
หอกดินเสียบทะลุร่าง เรี่ยวแรงและพลังเวทไหลรินออกไป,"An earthen spear runs it through, draining both strength and magic"
สัญชาตญาณตื่นตัวเต็มที่ ทุกประสาทสัมผัสคมกริบ,"Instincts fully awake, every sense razor sharp"
แสงรักษาโอบร่างไว้ ความผิดปกติทั้งปวงแตะต้องไม่ได้,Healing light wraps the body; no ailment can touch it
กลืนหายไปกับเงา รอจังหวะลงมือให้หนักที่สุด,"Swallowed by the shadows, waiting for the hardest strike"
ใช้เฉพาะสกิลอาชีพปัจจุบันที่เรียนแล้ว · ฟื้น HP → ป้องกัน → โจมตี,Learned skills for the active class · Heal → Guard → Attack
คลิกมอนสเตอร์เพื่อเลือกเป้าหมาย · Esc ยกเลิก,Click a monster to target · Esc to cancel
เป้าหมายอยู่นอกระยะ ,Target is outside range: 
ฟื้น HP ตัวเอง ,Restore own HP 
เพื่อนอยู่ไกลเกินระยะ — เข้าใกล้ก่อนใช้สกิลช่วยเหลือ,That ally is out of range — move closer before casting a support skill
ของ HP สูงสุด,of maximum HP
โจมตีเป้าหมายเดียว ,Single-target damage 
โจมตีรอบตัว ,Damage around caster 
สกิลสำหรับ ,Class required: 
ระยะ ,Range 
"เปลี่ยนอาชีพได้ไม่จำกัด · เก็บ Job Level, EXP และสกิลของแต่ละอาชีพไว้","Switch classes freely · Each class keeps its Job Level, EXP and learned skills"
Power Strike · คลิกมอนสเตอร์เพื่อเลือกเป้าหมาย · Esc ยกเลิก,Power Strike · Click a monster to target · Esc to cancel
เป้าหมายอยู่นอกระยะ Power Strike,Target is outside Power Strike range
+1 ถึง +4 ปลอดภัย · สูงสุด +10,Safe through +4 · Maximum +10
ตั้งแต่ +5 ถ้าล้มเหลว ไอเทมและการ์ดที่ใส่จะหาย และเสีย Silver,"From +5, failure destroys the item and socketed cards. Silver is spent."
ตีบวกล้มเหลว ไอเทมและการ์ดที่ใส่แตกหาย,Refinement failed. Item and socketed cards destroyed.
รวมทุกชิ้นที่สวมอยู่ แสดงเป็น +% ท้ายค่า DEF ในหน้าสถานะ,"Counted across every worn piece, shown as +% after DEF on the status page"
ตีบวก +,Refine +
 ลดดาเมจที่ได้รับ , cuts damage taken by 
อาวุธ ATK +2 · ชุดเกราะ DEF +1 ต่อระดับ,Weapons ATK +2 · Armor DEF +1 per level
สำเร็จ 100% · สูงสุด +10 · ไอเทมไม่สูญหาย,100% success · Maximum +10 · No item loss
ระดับไอเทมเปลี่ยนแล้ว กรุณาเลือกใหม่,Item level changed. Select it again
Silver ไม่เพียงพอ,Not enough Silver
กำลังตีบวก…,Refining…
ใช้ยา HP อัตโนมัติ,Use HP potions automatically
เมื่อ HP ≤ ,When HP ≤ 
เปอร์เซ็นต์ HP สำหรับใช้ยา,HP percentage for potion use
ใช้ยาจากกระเป๋า · รอคูลดาวน์ยา 0.1 วินาที,Uses inventory potions · 0.1-second potion cooldown
ใช้เฉพาะสกิลที่เรียนแล้ว มี SP และพร้อมใช้งาน · Iron Will → Flame Burst → Power Strike,"Learned skills only, with enough SP and no cooldown · Iron Will → Flame Burst → Power Strike"
ตั้งสกิลและยาอัตโนมัติด้านล่าง · กด F หรือคลิกพื้นเพื่อหยุด,Configure skills and potions below · Press F or click the ground to stop
Auto Play (F) · ใช้การตั้งค่าบอท · คลิกพื้นเพื่อหยุด,Auto Play (F) · Uses bot settings · Click the ground to stop
Auto Play เปิด — ใช้การตั้งค่าบอท,Auto Play started — using bot settings
เก็บไอเท็มใช้แล้ว เช่น ยา,Usable items such as potions
การ์ดหายาก!,RARE CARD!
 · ไม่เก็บ , · Skipping 
ตีมอนตายแล้วเก็บของที่ตกตรงนั้นก่อน ค่อยตีตัวต่อไป,Pick up what the kill dropped before attacking the next monster
ตีต่อทันทีถ้ายังมีมอนสเตอร์ · เก็บของตอนไม่มีตัวให้ตี,Keep fighting while monsters remain; pick drops up when none are left
เดินเข้าระยะสกิลแล้วรอ SP/คูลดาวน์ ไม่โจมตีธรรมดา,Walks into skill range and waits for SP / cooldown; no basic attacks
โหมดใช้แต่สกิลจะเดินเข้าระยะสกิลแล้วรอ SP/คูลดาวน์,"Skills-only mode walks into skill range, then waits for SP / cooldown"
ต้องตั้งสกิลโจมตีที่เรียนแล้วอย่างน้อย 1 อัน,Needs at least one learned attack skill ticked
เมื่อ HP ต่ำกว่าที่กำหนด จะใช้ยา HP โดยอัตโนมัติ,Drinks an HP potion when HP falls to the threshold
เมื่อ HP ต่ำกว่าที่กำหนด จะใช้ยา HP ที่ติ๊กไว้ · ดื่มขวดเล็กสุดที่เหลือก่อน · ขวดที่ติ๊กออกบอทจะไม่แตะ,Drinks the ticked HP potions when HP falls to the threshold · Smallest bottle left goes first · The bot never touches unticked bottles
เมื่อ SP ต่ำกว่าที่กำหนด จะใช้ Blue Potion โดยอัตโนมัติ,Drinks a Blue Potion when SP falls to the threshold
เมนู Premium,Premium menu
Auto Play · ตั้งค่าบอท,Auto Play · Bot Settings
เริ่ม Auto Play,Start Auto Play
หยุด Auto Play,Stop Auto Play
ใช้ยาอัตโนมัติเมื่อ HP ≤ 50% · กด F หรือคลิกพื้นเพื่อหยุด,Auto potion at HP ≤ 50% · Press F or click the ground to stop
Skill Tree · อัปสกิล,Skill Tree
เมื่อเรียนระดับ 1,at rank 1
ลากไอคอนที่เรียนแล้วไปช่อง 1–9 · มือถือแตะค้างแล้วลาก,Drag learned skills to slots 1–9 · Touch and drag on mobile
เซิร์ฟเวอร์ตอบช้า กรุณาลองอีกครั้ง,The server is taking too long. Please try again.
ชื่อนี้มีผู้ใช้แล้ว กรุณาเลือกชื่ออื่น,This name is already taken. Choose another name.
ใช้ชื่อ 2–20 ตัวอักษร: ไทย อังกฤษ ตัวเลข ช่องว่าง - หรือ _,"Use 2–20 characters: letters, numbers, spaces, - or _."
ตั้งชื่อตัวละครแล้ว · ไม่สามารถเปลี่ยนชื่อได้,Your character name is permanent and cannot be changed
HP สูงสุด,Max HP
ความจุ SP สำหรับระบบสกิลในอนาคต,SP capacity for future skills
ลดดาเมจเวทจาก Hollow,Magic damage reduction against Hollow
พลังเวทสำหรับสกิลเวท (ยังไม่มีสกิลเวท),Magic attack (magic skills not yet available)
HIT ที่ตีโดนทุกครั้ง,HIT for a sure hit
FLEE ระยะประชิด,FLEE (close range)
FLEE ระยะไกล (ธนู · คุไน),"FLEE (ranged · bow, kunai)"
HIT ที่ตีโดนทุกครั้ง · ประชิด,HIT for a sure hit · close
HIT ที่ตีโดนทุกครั้ง · ไกล,HIT for a sure hit · ranged
โอกาสตีโดน = 90% บวก 0.5% ต่อ HIT ที่เกิน FLEE ของมอน (ต่ำสุด 50% สูงสุด 100%) · FLEE ของมอน = 100 + 2 × เลเวล,Hit chance = 90% plus 0.5% per HIT above the monster's FLEE (50% to 100%) · monster FLEE = 100 + 2 × level
หลบหลีก + Perfect Dodge (%),Evasion + Perfect Dodge (%)
โอกาสคริติคอล ดาเมจสองเท่า,"Critical chance, double damage"
เพิ่ม ATK,Increases ATK
เพิ่ม ASPD และ Flee,Increases ASPD and Flee
เพิ่ม HP สูงสุดและ DEF,Increases max HP and DEF
เพิ่ม MATK / MDEF และ SP สูงสุด,Raises MATK / MDEF and max SP
เพิ่ม Hit และ ATK,Increases Hit and ATK
เพิ่ม Critical และ Perfect Dodge,Increases Critical and Perfect Dodge
เพิ่ม FLEE,increases FLEE
ติ๊กได้หลายอย่าง · ไม่ติ๊กคือไม่เก็บ / ไม่โจมตี,Select multiple options. Unchecked = do not loot / attack.
เลือกอาชีพ…,Choose a class…
เปลี่ยนอาชีพเมื่อ Job Lv.10 · Base Level ยังคงเดิม,Change class at Job Lv.10. Base Level stays unchanged.
เลือกเปลี่ยนอาชีพได้แล้ว · Job จะเริ่ม Lv.1 และเปลี่ยนย้อนกลับไม่ได้,Class change unlocked. Job resets to Lv.1. This cannot be undone.
พื้นฐาน + โบนัสอุปกรณ์/อาชีพ · เพิ่มสถานะใช้ 1 แต้ม (สูงสุด 99),Base + equipment/class bonuses · 1 point per stat (max 99)
เครื่องทำงานหนัก FPS ต่ำกว่า 20 — ซ่อนผู้เล่นคนอื่นและจำกัด FPS ไว้ที่ 30 ให้แล้ว เพื่อให้ลื่นขึ้นและลดความร้อน · เปิดกลับได้ที่หน้าตั้งค่า,Your device is struggling (under 20 FPS) — other players are now hidden and FPS is capped at 30 to keep things smooth and cool · turn them back on in Settings
เครื่องทำงานหนัก FPS ต่ำกว่า 20 — ซ่อนผู้เล่นคนอื่นให้แล้ว เพื่อให้ลื่นขึ้นและลดความร้อน · เปิดกลับได้ที่หน้าตั้งค่า,Your device is struggling (under 20 FPS) — other players are now hidden to keep things smooth and cool · turn them back on in Settings
เครื่องทำงานหนัก FPS ต่ำกว่า 20 — จำกัด FPS ไว้ที่ 30 ให้แล้ว เพื่อให้ลื่นขึ้นและลดความร้อน · เปิดกลับได้ที่หน้าตั้งค่า,Your device is struggling (under 20 FPS) — FPS is now capped at 30 to keep things smooth and cool · change it back in Settings
พิมพ์รัวเกินไป · พักแชท ,Chatting too fast · chat paused for 
พิมพ์เร็วเกินไป · รออีกนิด,Typing too fast · wait a moment
ส่งข้อความเดิมไปแล้ว · เปลี่ยนข้อความหรือรอสักครู่,You already sent that line · change it or wait a moment
⚠ ข้อความเดิมเพิ่งส่งไปแล้ว — เปลี่ยนข้อความหรือรอสักครู่,⚠ You just sent that line — change it or wait a moment
เพลง BGM,BGM Music
จำกัด FPS,FPS limit
ตามความเร็วโจมตี (ASPD),matches attack speed (ASPD)
กำลังตรวจสอบข้อมูลตัวละคร · จะลองเชื่อมต่อใหม่อัตโนมัติ…,Checking your character data · retrying automatically…
ส่งข้อความเร็วเกินไป กรุณารอสักครู่,"Sending too fast, please wait a moment"
มาตีบวกอาวุธกันไหม? ⚒,Care to refine your weapon? ⚒
อาวุธแรงขึ้น เกราะแกร่งขึ้น!,"Stronger weapons, tougher armor!"
ตีบวกที่นี่ ฝีมือรับประกัน!,"Refining here, craftsmanship guaranteed!"
ของดีต้องตีบวกสิ!,Good gear deserves a refine!
คลิกที่ข้า แล้วมาตีบวกกัน!,Click me to refine your gear!
นั่งอยู่ · กด R เพื่อลุกก่อนเดิน,Sitting · press R to stand before walking
นั่งอยู่ · กด R เพื่อลุกก่อนใช้สกิล,Sitting · press R to stand before using skills
ร่ายสกิลอยู่ · นั่งได้หลังร่ายเสร็จ,Casting · you can sit after the cast
นั่งพัก · HP/SP ฟื้นเร็วขึ้น 2 เท่า · กด R เพื่อลุก,Resting · HP/SP recover 2x faster · press R to stand
นั่งพัก · HP/SP ฟื้นเร็ว ×2 · R เพื่อลุก · คลิกเพื่อหันตัว,Resting · HP/SP 2x · R to stand · click to turn
นั่งพักเมื่อ HP หรือ SP ต่ำ,Sit when HP or SP is low
ลุกเมื่อ HP และ SP ≥ ,Stand when HP and SP ≥ 
นั่งเฉพาะตอนไม่มีมอนสเตอร์โจมตีอยู่ใกล้ · ถูกโจมตีระหว่างนั่งจะลุกสู้ทันที · นั่งแล้ว HP/SP ฟื้นเร็ว 2 เท่า,Only sits with no attacking monster nearby · stands to fight if attacked · sitting recovers HP/SP 2x faster
ใช้แต่สกิล ไม่ตีธรรมดา,Skills only (no basic attacks)
Auto Play · ใช้แต่สกิล: ติ๊กสกิลโจมตีที่เรียนแล้วในหน้าบอท,Auto Play · Skills only: tick a learned attack skill in the bot window
ใช้เฉพาะสกิลอาชีพปัจจุบันที่เรียนแล้ว · ฟื้น HP → ป้องกัน → โจมตี · โหมดใช้แต่สกิลจะเดินเข้าระยะสกิลแล้วรอ SP/คูลดาวน์ ต้องติ๊กสกิลโจมตีที่เรียนแล้วอย่างน้อย 1 อัน,Only learned skills of your current class · Heal → Guard → Attack · Skills-only mode walks into skill range and waits for SP/cooldowns; tick at least one learned attack skill
ไม่จำกัด (ตามจอ),Unlimited (display rate)
ล็อก FPS ต่ำช่วยประหยัดแบตและลดความร้อน · FPS สูงสุดเท่ารีเฟรชเรตของจอ,A lower FPS cap saves battery and reduces heat · FPS can never exceed the display refresh rate
ประสิทธิภาพเกม การเชื่อมต่อ และจำนวนผู้เล่นออนไลน์,"Performance, connection and online players"
สะสม EXP และพัฒนาตัวละคร,Earn EXP and develop your character
มอนสเตอร์เกิดใหม่ทุก 5 วินาที,Normal monsters respawn every 5 seconds
 ตัว, monsters
คุยกับผู้เล่นทั่วโลก…,Chat with players worldwide…
Global · Enter เพื่อส่ง · Enter ตอนว่างเพื่อยกเลิก,Global · Enter to send · Enter when empty to cancel
Enter เพื่อส่ง · Enter ตอนว่างเพื่อยกเลิก,Enter to send · Enter when empty to cancel
EXP ที่ได้รับ,EXP received
พ่อค้า Silver · ขายไอเทม,Silver Merchant · Sell items
พ่อค้า Silver · คลิกขายสินค้า,Silver Merchant · Click to sell
คลิกเพิ่ม 1 · Shift + คลิกเพิ่มทั้งกอง,Click: add one · Shift + click: add stack
คลิกเพิ่ม 1 ชิ้น · Shift + คลิกเพิ่มทั้งหมดของชนิดนี้,Click to add one · Shift + click to add the entire stack
เพิ่มทั้งหมด:,Add all:
กำลังขาย…,Selling…
 ชิ้น · ถูกกว่าแถวนี้ (, pcs · cheaper than this row (
/ชิ้น),/pc)
มีคนขายถูกกว่าแถวนี้ (,Cheaper than this row (
/ชิ้น) · ระบบซื้อจากราคาถูกสุดก่อน,/pc) · the cheapest sellers fill first
ขายไม่สำเร็จ กรุณาตรวจสอบรายการและระยะจากพ่อค้า,Sale failed. Check your items and distance to the merchant.
รายการเปลี่ยนแปลง กรุณาตรวจสอบก่อนยืนยันอีกครั้ง,Items changed. Review the list before confirming.
ยาฟื้น HP,HP Potion
ผลึกเรืองแสงจาก Prism Hopper,Crystal from Prism Hopper
วัตถุดิบจาก Hollow,Material from Hollow
โบนัสที่เปลี่ยนเมื่อสวม (รวมการ์ด),Stat changes when equipped (including cards)
คีย์ลัด 1 ถึง 9,Hotkeys 1 to 9
ใช้ยาฟื้น HP,Use HP Potion
ฟื้น HP,Restore HP
HP เต็ม,HP full
 ขวด, bottles
ยา ×,Potion ×
มินิแมป คลิกเพื่อเดิน,Minimap: click to move
ภายในโรงเตี๊ยม — คลิกทางออกเพื่อกลับสนาม,Inside the inn — click the exit to return to the field
พร้อม — คลิกมอนสเตอร์ / M แผนที่โลก,Ready — click a monster / M: world map
บอส Crowned Prism Hopper ทางตะวันออกเฉียงใต้,Crowned Prism Hopper boss in the southeast
โรงเตี๊ยม · พื้นที่ปลอดภัย,Inn · Safe zone
← กลับ ,← Return to 
กำลังเดิน…,Moving…
กำลังเกิดใหม่…,Respawning…
รอมอนสเตอร์ / ค้นหาเป้าหมาย,Waiting for monsters / finding a target
พื้นที่ปลอดภัย — ไม่มีมอนสเตอร์,Safe zone — no monsters
Auto Play หยุดแล้ว,Auto Play stopped
Auto Play เปิด,Auto Play enabled
ใช้ยาเมื่อ HP ≤ 50%,Use potions at HP ≤ 50%
กำลังเชื่อมต่อ…,Connecting…
การเชื่อมต่อขาด · กำลังเชื่อมต่อใหม่…,Disconnected · Reconnecting…
เซสชันสิ้นสุด · คลิกเพื่อเข้าใหม่,Session ended · Click to reconnect
กำลังเตรียมการผจญภัย…,Preparing your adventure…
บัญชี Guest,Guest account
เชื่อมต่อ Google แล้ว,Google linked
บันทึกตัวละครด้วยบัญชี Google,Character saved with Google account
ผูกบัญชี Google,Link Google account
ผูก Google เพื่อเก็บตัวละครนี้และเข้าเล่นข้ามอุปกรณ์ได้ หากล้างคุกกี้ก่อนผูกบัญชี อาจเข้าเซฟ Guest เดิมไม่ได้,Link Google to keep this character and play across devices. Clearing cookies before linking may lose access to your Guest save.
2–20 ตัวอักษร · ไทย อังกฤษ ตัวเลข ช่องว่าง - หรือ _,"2–20 characters · Thai, English, numbers, spaces, - or _"
ตั้งชื่อได้เพียงครั้งเดียว หลังยืนยันแล้วจะเปลี่ยนชื่อไม่ได้,You can choose a name only once. It cannot be changed after confirmation.
ชื่อนี้ถูกบันทึกแล้ว ไม่สามารถเปลี่ยนได้,This name is saved and cannot be changed.
บันทึกชื่อถาวรแล้ว ไม่สามารถเปลี่ยนได้,Permanent name saved. It cannot be changed.
กำลังบันทึก…,Saving…
ตรวจสอบสิทธิ์ตั้งชื่อไม่ได้ กรุณารีเฟรชแล้วลองใหม่,Unable to check naming eligibility. Refresh and try again.
มีอัปเดตเกมใหม่ พร้อมแล้วกดรีเฟรชเพื่ออัปเดต,A new game update is available. Refresh when ready.
ดาบคู่ใจของนักผจญภัย ใบดาบเหล็กกล้าสมดุล เหมาะสำหรับการต่อสู้ระยะประชิด,A balanced steel sword for close combat.
ชุดเกราะหนังเสริมโลหะ น้ำหนักเบา สวมคล่องตัว ช่วยป้องกันการโจมตี,Lightweight reinforced leather armor for protection and mobility.
แว่นคู่ใจนักสำรวจ ปกป้องดวงตาระหว่างการผจญภัย,Explorer glasses that protect your eyes during adventures.
โล่ไม้เสริมขอบเหล็ก แข็งแรงและจับถนัดมือ,A sturdy wooden shield with an iron rim.
ผ้าคลุมสีน้ำเงินเข้ม ติดเข็มกลัดสีทอง,A dark blue cloak with a golden clasp.
ลูกธนูติดขนนก จัดรวมเป็นมัดเล็ก,A small bundle of feathered arrows.
พาสซีฟ · ATK +3% ต่อระดับเมื่อถืออาวุธประชิด (สูงสุด +30%) · ดาเมจต่อศัตรูที่ติดสตันหรือไฟไหม้ +30%,Passive · ATK +3% per rank with a melee weapon (up to +30%) · +30% damage to stunned or burning enemies
พาสซีฟ · ฟื้น HP ตามธรรมชาติเร็วขึ้น 10% ต่อระดับ,Passive · natural HP recovery +10% per rank
พาสซีฟ · ฟื้น SP เพิ่มอีก 1 จุดทุก 2 ระดับ,Passive · +1 SP per tick every 2 ranks
พาสซีฟ · ฟื้น SP เพิ่มอีก 1 จุดทุก 2 ระดับ · ร่ายสกิลใช้ SP น้อยลง 4% ต่อระดับ (สูงสุด 40%),Passive · +1 SP per tick every 2 ranks · skills cost 4% less SP per rank (up to 40%)
พาสซีฟ · DEX +1 ต่อระดับ,Passive · DEX +1 per rank
พาสซีฟ · DEX +2 และ Hit +1% ต่อระดับ (สูงสุด +20 / +10%) · ATK เพิ่มเท่ากับ 2% ของ Hit และ 4.5% ของ DEX ต่อระดับ (สูงสุด 20% / 45%),Passive · DEX +2 and Hit +1% per rank (up to +20 / +10%) · ATK +2% of Hit and +4.5% of DEX per rank (up to 20% / 45%)
พาสซีฟ · ระยะโจมตีธนู +6 ต่อระดับ · ดาเมจขณะถือธนู +4% ต่อระดับ (สูงสุด +40%),Passive · bow range +6 per rank · damage with a bow +4% per rank (up to +40%)
พาสซีฟ · DEF +1 ต่อระดับ,Passive · DEF +1 per rank
พาสซีฟ · ATK +2 ต่อระดับ,Passive · ATK +2 per rank
พาสซีฟ · ราคาซื้อลด 2% ต่อระดับ (สูงสุด 20%),Passive · shop prices -2% per rank (max 20%)
พาสซีฟ · ขายของได้เพิ่ม 2% ต่อระดับ (สูงสุด 20%),Passive · sales +2% per rank (max 20%)
พาสซีฟ · โอกาสโจมตีสองครั้ง 3% ต่อระดับ (อาวุธประชิด),Passive · 3% double-hit chance per rank (melee)
พาสซีฟ · FLEE +2% และ Perfect Dodge +1 ต่อระดับ (สูงสุด FLEE +20% / Perfect Dodge +10),Passive · FLEE +2% and Perfect Dodge +1 per rank (up to FLEE +20% / Perfect Dodge +10)
กดใส่มอนสเตอร์ที่อยู่ไกล จะวิ่งเข้าหาเร็ว 2 เท่า,cast on a distant monster to rush in at double speed
ติดคริติคอลได้ตามค่าคริเวท (LUK และ CRIT จากอุปกรณ์),can crit at the spell critical rate (LUK and CRIT from gear)
โอกาสสกิลเวทติดคริติคอล · มาจาก LUK และค่า CRIT จากอุปกรณ์กับการ์ด ไม่นับส่วนที่ได้จากเลเวล,"Chance for spells to crit · comes from LUK and CRIT on gear and cards, not from levels"
แล้วติดสตัน ,then stunned for 
พุ่งเข้าโจมตีเป้าหมายเดียว ,Dash in and strike one target 
ยิงเป็น 4 ฮิต,fires 4 hits
ทำดาเมจ ,deals 
MaxHP ศัตรู,enemy MaxHP
สเตตัส: ทั้งหมด,Stat: All
สูง → ต่ำ,High → Low
ต่ำ → สูง,Low → High
สกิลพาสซีฟทำงานอัตโนมัติ ไม่ต้องใช้,Passive skills are always active
เพิ่ม ,Add 
ช่อง ,Slots 
เก็บ ,Collected 
เหลือ ,Remaining 
 ชิ้น, items
 ของ , · Owner: 
 ของ HP สูงสุด, of maximum HP
Auto Play หยุดแล้ว — น้ำหนักเกิน 90% โจมตีและใช้สกิลไม่ได้,"Auto Play stopped — over 90% weight, you cannot attack or use skills"
ขายของหรือฝากคลังให้น้ำหนักลดลง แล้วค่อยเปิด Auto ใหม่,"Sell or store items to lower your weight, then turn Auto back on"
น้ำหนักเกิน 50% HP/SP จะไม่ฟื้นเอง แม้นั่งพัก,"Over 50% weight, HP/SP do not regenerate, even while sitting"
ใช้ Butterfly Wing กลับเมืองใน,Butterfly Wing to town in
น้ำหนักเกิน 50%,Overweight 50%
น้ำหนักเกิน 90%,Overweight 90%
HP/SP ไม่ฟื้นเอง แม้นั่งพัก,"HP/SP do not regenerate, even while sitting"
ขายของหรือฝากคลังให้น้ำหนักต่ำกว่า 50% แล้ว HP/SP จะกลับมาฟื้นตามปกติ,Sell or store items until you carry under 50% and HP/SP will regenerate again
กระเป๋าเต็ม — เก็บของไม่ได้,Inventory full — cannot pick up items
น้ำหนักเกิน — เก็บของไม่ได้,Overweight — cannot pick up items
เลือกอุปกรณ์ที่มีช่องว่าง (1 ช่องต่อชิ้น),Select equipment with an empty slot (1 slot per item)
การ์ดจะถูกใช้ 1 ใบ ฝังแล้วถอดคืนไม่ได้,Consumes one card. Inserted cards cannot be removed.
เกิดใหม่แล้ว — HP เต็ม,Respawned — HP restored
ตัวละครตาย — เกิดใหม่ใน 2 วินาที,You died — respawning in 2 seconds
ได้รับ ,Received 
เข้าสู่ ,Entered 
กด M,Press M
เปิดหน้าต่าง Quest (กด Q),Open the Quest window (press Q)
เปิด Mystery Relic Box: ได้ ,Opened the Mystery Relic Box: received 
เปิดหน้าต่าง Status (กด C) เพื่อแจกแต้มใหม่,Open the Status window (press C) to spend points again
เปิด Status เพื่อเปลี่ยนอาชีพ,Open Status to change class
ยกเลิกการเข้าสู่ระบบแล้ว ลองอีกครั้งได้,Sign-in cancelled. You can try again.
ยังไม่ได้ตั้งค่า Google Sign in,Google Sign in is not configured.
คำขอหมดอายุ กรุณาลองใหม่,Request expired. Please try again.
ไม่สามารถยืนยันคำขอได้ กรุณาลองใหม่,Unable to verify request. Please try again.
เข้าสู่ระบบไม่สำเร็จ กรุณาลองใหม่,Sign-in failed. Please try again.
Google ยังไม่พร้อมใช้งาน · เล่นเป็น Guest ได้,Google is unavailable. You can play as Guest.
◆ ตำแหน่งปัจจุบัน · คลิกที่แมพเพื่อเดินไป,◆ Current position · Click the map to walk there
ลดการแสดงผลผู้เล่นคนอื่นช่วยให้ลื่นขึ้นในจุดที่คนเยอะ · คู่ดวล คู่เทรด และผู้เล่นที่เลือกอยู่ยังแสดงเสมอ,"Showing fewer other players keeps crowded areas smooth · Your duel opponent, trade partner and selected player are always shown"
เพิ่ม ASPD,Increases ASPD
ถือธนู: ทุก 5 STR ให้ ATK +1,Holding a bow: every 5 STR grants ATK +1
ทุก 5 VIT: DEF +1 และ MDEF +1,Every 5 VIT: DEF +1 and MDEF +1
ฟื้น HP ตามธรรมชาติเร็วขึ้น,Faster natural HP recovery
HIT +2 ต่อแต้ม และลดโอกาสตีพลาด,HIT +2 per point and reduces miss chance
อาวุธประชิด: ทุก 5 DEX ให้ ATK +1,Melee weapon: every 5 DEX grants ATK +1
MATK +1 ต่อแต้ม,MATK +1 per point
ลดเวลาร่ายสกิล · เพิ่ม ASPD เล็กน้อย,Reduces cast time · slightly increases ASPD
ทุก 3 LUK: CRITICAL +1% และ HIT +1,Every 3 LUK: CRITICAL +1% and HIT +1
ทุก 5 LUK: FLEE +1,Every 5 LUK: FLEE +1
ทุก 10 LUK: ATK +1,Every 10 LUK: ATK +1
พิษร้ายไหลเวียนในกระแสเลือด กัดกินพลังชีวิตทีละน้อย,"Venom courses through the bloodstream, gnawing away at HP little by little"
ร่างกายหนักอึ้งราวติดหล่ม ขยับตัวได้เชื่องช้า,"The body feels leaden, as if stuck in mud — movement slows"
เกราะร้าวจากแรงกระแทก การป้องกันเปิดช่องโหว่,"Armor cracks from the impact, leaving defenses exposed"
พรศักดิ์สิทธิ์โอบล้อมร่างกาย เสริมพลังกายและจิตใจ,"A holy blessing envelops the body, strengthening it in body and mind"
ช่วงกิจกรรมพิเศษของเซิร์ฟเวอร์ ทุกคนที่ออกล่าตอนนี้ได้ EXP เพิ่มขึ้นพร้อมกันทั้งเซิร์ฟเวอร์,A server-wide event is running — everyone out hunting right now earns extra EXP together
กิจกรรม EXP x,EXP Event x
ระบบจะพาเข้าเกมให้อัตโนมัติ ไม่ต้องรีเฟรช,"You'll be let in automatically, no need to refresh"
กด P,press P
ถาวร? ของจะหายไปเลย ไม่ตกบนพื้นและกู้คืนไม่ได้,for good? It vanishes: nothing drops to the ground and it cannot be recovered
ทำลายทิ้งถาวร · ไม่ตกบนพื้น บอทและสัตว์เลี้ยงจะไม่เก็บกลับมา,"Destroy for good · nothing drops, so the bot and the pet won't pick it back up"
สมาชิก Premium ซื้อด้วย Gold ในหน้าร้านค้า ต่ออายุก่อนหมดได้ เวลาที่เหลือจะถูกบวกเพิ่มให้,Premium is bought with Gold in the shop; renew before it runs out and the time left is added on top
ทุ่มแรงทั้งหมดลงในอาวุธ ทุกการโจมตีหนักหน่วงขึ้น,All strength is put into the weapon — every strike lands harder
กัดฟันตั้งรับ ร่างกายแข็งแกร่งไม่สะท้านต่อการโจมตี,"Gritting through the pain, the body braces firm against every blow"
ดื่มยาวิเศษที่ช่วยปลุกประสาทสัมผัส ร่างกายรู้สึกกระปรี้กระเปร่า,A magic potion that awakens the senses — the body feels refreshed and alert
วันนี้รับรางวัลล็อกอินไปแล้ว — กลับมาใหม่พรุ่งนี้,Already claimed today's login reward — come back tomorrow
เข้าสู่ระบบด้วย Google เพื่อรับรางวัลล็อกอินรายวัน,Sign in with Google to receive the daily login reward
ล็อกอินครบ 30 วัน — รับรางวัลใหญ่แล้ว!,Logged in for 30 days — claimed the grand prize!
รับรางวัลล็อกอินวันที่ ,Claimed the day 
รางวัลล็อกอินรายวัน · ครบ 30 วันรับรางวัลใหญ่,Daily Login Reward · Complete 30 days for the grand prize
ล็อกอินต่อเนื่อง รับรางวัลใหญ่ในวันที่ 30!,Log in continuously — get the grand prize on day 30!
รางวัลใหญ่!,Grand reward!
รับได้เลย!,Ready to claim!
 รอบ, cycles
วันรับรางวัลใหญ่!,days to claim the grand prize!
สำหรับบัญชี Google,For Google accounts
รีเซ็ตทุกวันเวลา 00:00 น. (เวลาไทย),Resets daily at 00:00 (Thailand time)
ยา HP/SP รอคูลดาวน์ร่วม,HP/SP potions share a cooldown of
ยาเร่ง ASPD ดื่มเมื่อไม่มีบัฟค้างอยู่ · เลือกขวดที่แรงที่สุดที่เลเวลใช้ได้และมีติดกระเป๋า,ASPD Potions are drunk when no haste buff is active · Picks the strongest bottle usable at your level that you're carrying
เมื่อกดยืนยัน จะซื้อสินค้าและหัก Silver ทันที,Confirming buys the item and deducts Silver immediately
ปรับขนาดปุ่ม แถบสถานะ แผนที่ย่อ แชต และหน้าต่างทั้งหมด · 70% คือขนาดมาตรฐาน,"Resizes buttons, the status bar, minimap, chat and every window · 70% is the standard size"
ปรับขนาดปุ่ม แถบสถานะ แผนที่ย่อ แชต และหน้าต่างทั้งหมด · 70% คือขนาดมาตรฐานสำหรับอุปกรณ์นี้,"Resizes buttons, the status bar, minimap, chat and every window · 70% is the standard size for this device"
ปรับขนาดปุ่ม แถบสถานะ แผนที่ย่อ แชต และหน้าต่างทั้งหมด · 100% คือขนาดมาตรฐานสำหรับอุปกรณ์นี้,"Resizes buttons, the status bar, minimap, chat and every window · 100% is the standard size for this device"
ขนาด HUD / UI,HUD / UI Size
ความทึบของจอยและปุ่มตอนไม่ได้แตะ · ปุ่มที่กำลังกดจะทึบเต็มเสมอ,How solid the joystick and buttons look when not touched · the one being pressed is always fully solid
ความทึบจอย / ปุ่ม,Joystick / Button Opacity
เสียง / Audio,Sound / Audio
บัญชีผู้เล่น / Account,Player Account / Account
การเล่นเกม / Display,Gameplay / Display
แสดงปุ่มโจมตี / สกิลบนจอ,Show on-screen attack / skill buttons
ลากเพื่อขยายแชท (ขยายขึ้นด้านบน),Drag to resize chat (grows upward)
ช่องลัด ,Shortcut slot 
แตะที่แผนที่เพื่อเลือกพื้นที่ และเดินทางไปยังตำแหน่งนั้น,Tap the map to pick a region and travel there
ทวีปแห่ง Lumivara มีเมือง Aurelia Forum เป็นศูนย์กลาง ถนนสี่สายนำไปสู่ป่า หิมะ ทะเลทราย และหนองน้ำ ก่อนจะทอดยาวสู่ดินแดนที่อันตรายยิ่งกว่า,"The Continent of Lumivara is centered on the city of Aurelia Forum, with four roads leading to forest, snow, desert and marsh — before stretching on to even more dangerous lands"
เมืองโบราณใจกลางทวีป ลานฟอรัมและน้ำพุคือจุดนัดพบของนักผจญภัย ถนนทั้งสี่สายทอดออกไปสู่ดินแดนรอบด้าน,An ancient city at the heart of the continent. The forum plaza and fountain are where adventurers gather; four roads stretch out to the lands beyond.
ป่าเขียวชอุ่มทางใต้ของเมือง ลำธารใสไหลผ่านแมกไม้ เหมาะสำหรับนักผจญภัยหน้าใหม่ที่เพิ่งออกเดินทาง,A lush green forest south of the city. Clear streams wind through the trees — a fitting start for adventurers just setting out.
ก้าวแรกของตำนาน เริ่มต้นใต้ร่มไม้,The first step of a legend begins beneath the trees.
ช่องเขาที่ปกคลุมด้วยหิมะตลอดทั้งปี ลมเย็นพัดผ่านไม่เคยหยุดยั้ง ว่ากันว่าที่นี่คือด่านแรกของผู้ที่มุ่งสู่แดนเหนือ…,A mountain pass blanketed in snow all year round. A cold wind never stops blowing — they say this is the first gate for those bound for the northern lands…
ในความหนาวเย็น ยังมีเรื่องราวที่รอการค้นพบ,"Even in the bitter cold, stories still wait to be discovered."
ทะเลทรายร้อนระอุทางตะวันออก โอเอซิสสีครามคือที่พักเดียวท่ามกลางผาหินทรายและพายุฝุ่น,A scorching desert to the east. An azure oasis is the only refuge amid sandstone cliffs and dust storms.
หนองน้ำหมอกหนาใต้ร่มเงาต้นหลิวยักษ์ พื้นดินอ่อนนุ่มซ่อนสิ่งมีชีวิตที่ไม่ชอบผู้มาเยือน,A fog-shrouded marsh beneath the shadow of giant willows. The soft ground hides creatures that don't welcome visitors.
ป่าโบราณที่ใบไม้เปลี่ยนสีตลอดกาล ต้นไม้เก่าแก่กว่าอาณาจักรใด ๆ เฝ้ามองผู้บุกรุกอย่างเงียบงัน,An ancient forest where the leaves change color eternally. Trees older than any kingdom watch intruders in silence.
ป่าที่เก่าแก่ที่สุด เก็บความลับไว้มากที่สุด,The oldest forest keeps the deepest secrets.
เนินทรายสีเลือดและผาหินแดงทางตะวันออกเฉียงใต้ ความร้อนแผดเผาจนมีเพียงผู้แข็งแกร่งเท่านั้นที่ข้ามผ่านได้,Blood-red dunes and crimson cliffs to the southeast. The heat scorches so fiercely that only the strongest can cross.
ธารน้ำแข็งสีครามสุดขอบแดนเหนือ ผลึกน้ำแข็งยักษ์ส่องประกายเหนือหุบเหวลึก ดินแดนของสัตว์ร้ายที่แข็งแกร่งที่สุด,An azure glacier at the far edge of the northern lands. Giant ice crystals gleam above deep chasms — the domain of the strongest beasts.
ณ ปลายทางของความหนาว คือบททดสอบสุดท้าย,At the end of the cold lies the final trial.
 อย่าง, kinds
ยาฟื้นฟู HP/SP,HP/SP Potions
โอกาสต่อการเปิด 1 หีบ,Chance per Box Opened
อิง ASPD,Based on ASPD
(ดูหัวข้อย่อยด้านล่าง),(see the section below)
เปิดเพื่อสุ่มยา การ์ด หรืออุปกรณ์,"Opens to randomly give a potion, card, or equipment"
การ์ดบอส ,Boss Card 
ตัวที่มอนสเตอร์ดรอปคูณสเตตัสด้วยขั้น I–V ของมอนสเตอร์ แล้วแถม FLEE/HIT และสเตตัสสุ่มเหมือนอุปกรณ์สุ่มทั่วไป ส่วนตัวที่ซื้อจากร้านค้า เควสต์ และ Mystery Relic Box ยังเป็นสเตตัสคงที่,"monster-dropped copies multiply the piece's stats by the monster's I–V tier and add FLEE/HIT and random stats like ordinary rolled gear, while shop, quest and relic-box copies keep fixed stats"
โดยสุ่มเท่า ๆ กันจากทุกชิ้นที่,rolled with equal odds among every piece whose
พาสซีฟที่เรียนแล้วติดตัวไปทุกอาชีพ และตัวที่มีเงื่อนไขอาวุธ,"Learned passives carry over to every class, including weapon-gated ones"
อัตราดรอป ช่องถนัดของมอนสเตอร์ และแหล่งดรอปของอุปกรณ์ระบุชื่อทุกชิ้น,"Drop rates, each monster's favored slot, and the source of every named piece of equipment"
ตารางค่าประสบการณ์ที่ต้องใช้ในแต่ละเลเวล และ,"Table of EXP required at each level, and "
การ์ดมอนสเตอร์ ,Monster Card 
สกิลอาชีพ ,Class Skill 
โจมตีติดสถานะ ,Attacks inflict 
เกิดใหม่ทุก ,Respawns every 
ค่าประสบการณ์ ,Experience Points 
ไม่มีจำหน่ายในร้าน (หาจากการดรอป),Not sold in shops (obtained from drops)
(หากมีพาสซีฟ Markup ของ Merchant จะขายได้เพิ่มขึ้น),"(With the Merchant's Markup passive, sells for more)"
"สามารถนำไปตีบวกที่ Blacksmith ได้สูงสุด +10 (อาวุธเพิ่ม ATK, เกราะเพิ่ม % ตัดดาเมจ)","Can be refined at the Blacksmith up to +10 (weapons gain ATK, armor gains % damage reduction)"
1 ช่อง สามารถนำการ์ดมอนสเตอร์มาฝังได้,"1 slot, a monster card can be socketed into it"
(พาสซีฟ Haggler ลดได้สูงสุด 20%),(The Haggler passive reduces it by up to 20%)
ดรอปจากมอนสเตอร์เท่านั้น (ไม่มีขายในร้านค้า),Drops from monsters only (not sold in shops)
ไม่มีข้อมูลการดรอปจากมอนสเตอร์ทั่วไป (ซื้อจากร้านค้าหรือเป็นรางวัลเควสต์),No drop data from regular monsters (buy from shop or earn as a quest reward)
นักผจญภัยฝึกหัด ผู้เริ่มต้นการเดินทาง สามารถเปลี่ยนอาชีพได้เมื่อ Job Lv.10,"Novice Adventurer, just starting their journey. Can change class at Job Lv.10"
"มีด (Knife), ดาบเริ่มต้น","Knife, Starter Sword"
นักดาบผู้แข็งแกร่ง เก่งกาจการต่อสู้ระยะประชิด พลังป้องกันสูงและ HP มหาศาล,"A powerful swordsman skilled in close combat, with high defense and massive HP"
"ดาบ (Sword, Falchion, Blade)","Swords (Sword, Falchion, Blade)"
จอมเวทผู้ควบคุมธาตุ ไฟ เย็น และสายฟ้า โจมตีระยะไกลด้วยพลังเวทมนตร์ MATK,"A spellcaster who commands fire, cold and lightning, attacking from range with magic power (MATK)"
"คทา (Rod, Staff)","Rods (Rod, Staff)"
นักธนูผู้ปราดเปรียวและแม่นยำ โจมตีระยะไกลด้วยธนู ใช้กระสุนลูกธนูเหล็ก,"A swift, precise archer who attacks from range with a bow, using iron arrows as ammo"
คันธนู (Bow),Bows (Bow)
นักบวชผู้ศรัทธา สามารถฟื้นฟูพลังชีวิต ฮีล และมอบบัฟสนับสนุนตนเอง,"A devout cleric who can restore HP, heal, and grant self-support buffs"
กระบอง / คทา,Mace / Rod
พ่อค้าผู้เชี่ยวชาญด้านเศรษฐกิจ สามารถซื้อของถูกลง ขายได้แพงขึ้น และใช้ค้อนทุบทำดาเมจ,"A merchant skilled in economics, able to buy cheaper, sell higher, and deal damage with a hammer"
ค้อน (Hammer),Hammers (Hammer)
โจรผู้รวดเร็วและว่องไว ค่าหลบหลีก FLEE สูง และมีโอกาสโจมตีเบิ้ลสองครั้งติด,"A swift, agile thief with high evasion (FLEE) and a chance to strike twice in a row"
"มีดคู่ (Dagger Pair, Knife)","Dual Daggers (Dagger Pair, Knife)"
ค่าสถานะหลักทั้ง 6 (Primary Stats),The 6 Core Stats (Primary Stats)
ระบบสเตตัสอิงตาม MMORPG คลาสสิก ตัวละครเริ่มที่ค่าสถานะ 1 และสามารถอัปได้สูงสุด 99 โดยแต้ม Status Points จะได้รับเมื่อ Base Level เพิ่มขึ้น,The stat system follows classic MMORPG conventions. Characters start each stat at 1 and can raise it up to 99; Status Points are gained as Base Level increases
คำอธิบาย & ผลลัพธ์ในเกม,Description & In-Game Effect
เพิ่มพลังโจมตีทางกายภาพ (ATK) สำหรับอาวุธประชิด (ดาบ/มีด/ค้อน) และเพิ่มความจุน้ำหนักกระเป๋า (+30 ต่อแต้ม),Increases physical attack (ATK) for melee weapons (sword/knife/hammer) and increases inventory weight capacity (+30 per point)
เพิ่มความเร็วในการโจมตี (ASPD) และเพิ่มอัตราการหลบหลีกการโจมตี (Flee),Increases attack speed (ASPD) and increases the chance to evade attacks (Flee)
"เพิ่มพลังชีวิตสูงสุด (MaxHP), พลังป้องกันทางกายภาพ (DEF) และอัตราการฟื้นฟู HP ธรรมชาติ","Increases maximum HP (MaxHP), physical defense (DEF), and the natural HP recovery rate"
"เพิ่มพลังโจมตีเวทมนตร์ (MATK), พลังป้องกันเวท (MDEF), ค่า SP สูงสุด และอัตราฟื้นฟู SP","Increases magic attack (MATK), magic defense (MDEF), max SP, and SP recovery rate"
"เพิ่มความแม่นยำในการโจมตี (Hit), เพิ่มพลังโจมตีอาวุธธนู (Bow ATK) และลดระยะเวลาการร่ายเวท (150 DEX ไร้หลอดร่าย)","Increases hit accuracy (Hit), increases bow attack (Bow ATK), and reduces cast time (150 DEX removes the cast bar)"
เพิ่มอัตราการติดคริติคอล (Critical Rate) และ Perfect Dodge,Increases critical chance (Critical Rate) and Perfect Dodge
สูตรค่าใช้จ่ายแต้มอัปสเตตัส: แต้มที่ต้องใช้ = floor((Stat - 1) / 10) + 2,Stat point cost formula: points required = floor((Stat - 1) / 10) + 2
"(เช่น ค่า 1→2 ใช้ 2 แต้ม, ค่า 11→12 ใช้ 3 แต้ม ... ค่า 91→92 ใช้ 11 แต้ม)","(e.g. 1→2 costs 2 points, 11→12 costs 3 points ... 91→92 costs 11 points)"
ระบบการตีบวก (Refining System),Refining System
"นำอุปกรณ์สวมใส่ (ดาบ, โล่, เกราะ, หมวก, ผ้าคลุม, รองเท้า) ไปตีบวกได้ที่ NPC ช่างตีเหล็ก (Blacksmith) สูงสุดระดับ +10 หากล้มเหลวไอเทมและการ์ดจะแตกสลาย","Take equipment (swords, shields, armor, hats, garments, shoes) to the Blacksmith NPC to refine it up to +10; on failure, the item and its socketed cards are destroyed"
ค่าใช้จ่ายตีบวก (Silver) = 100 × (ระดับปัจจุบัน + 1)²,Refine cost (Silver) = 100 × (current level + 1)²
"โบนัสดาบ: +2 ATK ต่อขั้น (+1 ถึง +4), +3 ATK (+5 ถึง +7), +4 ATK (+8 ถึง +9), +5 ATK (+10) รวม +30 ATK ที่ +10","Sword bonus: +2 ATK per level (+1 to +4), +3 ATK (+5 to +7), +4 ATK (+8 to +9), +5 ATK (+10), totaling +30 ATK at +10"
"อาวุธสายเวท (Rod, Staff — อาวุธที่มี MATK แต่ไม่มี ATK): โบนัสทุกขั้นเข้า MATK แทน ATK ด้วยจำนวนเท่ากัน รวม +30 MATK ที่ +10","Magic weapons (Rod, Staff — weapons with MATK but no ATK): every level's bonus goes to MATK instead of ATK by the same amount, totaling +30 MATK at +10"
โบนัสชุดเกราะ: แต่ละระดับ +1 จะลดดาเมจที่ได้รับ 1% (Refine Defense Shield ตัดดาเมจสูงสุด 50-60%),Armor bonus: each +1 level reduces damage taken by 1% (Refine Defense Shield caps at 50-60% damage reduction)
Silver ที่ใช้,Silver Used
100% (ปลอดภัย),100% (Safe)
ปลอดภัย ไม่แตก,"Safe, no destruction"
ทุกครั้งที่ล้มมอนสเตอร์ 1 ตัว เกมจะสุ่มของแต่ละหมวด,"Every time you defeat a monster, the game rolls each loot category"
จึงอาจได้หลายอย่างพร้อมกันหรือไม่ได้อะไรเลยก็ได้ ตัวเลขทั้งหมดด้านล่างดึงจากโค้ดเกมจริง และใช้เหมือนกันทั้งโหมดออนไลน์และออฟไลน์,so you may get several things at once or nothing at all. All numbers below are pulled straight from the game code and are the same in both online and offline modes
โอกาสต่อการฆ่า 1 ตัว,Chance per kill
(Prism Hopper ให้ Prism Crystal แทน),(Prism Hopper gives Prism Crystal instead)
สุ่มได้ 1 อย่าง: ,Rolls 1 of: 
ยาฟื้น HP ตามระดับแมพ,HP Potion matching the map's level
มอนสเตอร์ทุกสายพันธุ์ดรอปอุปกรณ์สุ่มสเตตัสได้ครบทุกช่อง โดยช่องถนัดของสายพันธุ์นั้นออกบ่อยกว่าช่องอื่น,"Every monster species can drop Random-Stat equipment in every slot, with that species' favored slot appearing more often than the rest, by"
"% ของอุปกรณ์ที่ดรอปเป็นอุปกรณ์ระบุชื่อ (เช่น Blade, Staff, Coat, Helm, Clip) สุ่มจากชิ้นที่เลเวลสวมใส่ไม่เกินเลเวลมอนสเตอร์ +10 ทุกชิ้นจึงมีแหล่งดรอป","% of dropped equipment is Named equipment (e.g. Blade, Staff, Coat, Helm, Clip), rolled among pieces whose equip level does not exceed the monster's level +10, so every piece has a drop source"
ขั้นของอาวุธและอุปกรณ์ที่ดรอป (Gear Tier I–V),Tier of Dropped Weapons and Equipment (Gear Tier I–V)
ขั้นของไอเทม = ceil(เลเวลมอนสเตอร์ / 20) จำกัดที่ 1–5,"Item tier = ceil(monster level / 20), capped at 1–5"
ค่าสเตตัสทุกตัวถูกคูณด้วยเลขขั้น — อาวุธขั้น V จึงแรงเป็น 5 เท่าของขั้น I ที่สุ่มได้เท่ากัน,Every stat is multiplied by the tier number — a Tier V weapon is therefore 5x as strong as an identically-rolled Tier I weapon
อาวุธ (sword): ATK = (2–6) × ขั้น · เกราะ/โล่/หมวก/ผ้าคลุม/รองเท้า: DEF = (1–3) × ขั้น,Weapons (sword): ATK = (2–6) × tier · Armor/Shield/Hat/Garment/Shoes: DEF = (1–3) × tier
แหวนซ้าย (accessory1): CRIT = (1–3) × ขั้น · แหวนขวา (accessory2): MATK = (1–3) × ขั้น และ SP = (5–15) × ขั้น (สุ่มแยกจาก MATK),Left Ring (accessory1): CRIT = (1–3) × tier · Right Ring (accessory2): MATK = (1–3) × tier and SP = (5–15) × tier (rolled separately from MATK)
แว่นตา/ผ้าพันคอ: MDEF = (1–3) × ขั้น · ลูกธนู (ammo): ATK = (1–3) × ขั้น,Glasses/Scarf: MDEF = (1–3) × tier · Arrows (ammo): ATK = (1–3) × tier
ทุกชิ้นได้ FLEE เพิ่ม (1–4) × ขั้น และชิ้นที่ไม่ใช่สายเวทได้ HIT เพิ่มเท่ากัน (ของสายเวทไม่ติด HIT เพราะเวทไม่มีพลาด),"Every piece also gains FLEE, (1–4) × tier, and every non-caster piece gains HIT by the same amount (caster gear carries no HIT, since spells never miss)"
สเตตัสหลัก (STR/AGI/VIT/INT/DEX/LUK): สุ่มมา 1 ตัว (มีโอกาส 25% ได้ 2 ตัว) ตัวละ (1–3) × ขั้น,"Primary stats (STR/AGI/VIT/INT/DEX/LUK): 1 is rolled (25% chance of getting 2), each (1–3) × tier"
"% ของอุปกรณ์ที่ดรอปเป็นอุปกรณ์ระบุชื่อ (เช่น Blade, Staff, Coat, Helm, Clip) สุ่มจากชิ้นที่เลเวลสวมใส่ไม่เกินเลเวลมอนสเตอร์ ทุกชิ้นจึงมีแหล่งดรอป","% of dropped equipment is Named equipment, rolled among pieces whose equip level does not exceed the monster's level, so every piece has a drop source"
"World Boss (Crowned Prism Hopper, Lv.100) ดรอปอุปกรณ์ขั้น V แน่นอน 100% ทุกครั้งที่ล้ม · อุปกรณ์ดรอปทุกขั้นนำไปตีบวกต่อได้ตามปกติ","The World Boss (Crowned Prism Hopper, Lv.100) drops Tier V equipment 100% of the time it's defeated · Equipment of any tier can be refined normally afterward"
สกิลพาสซีฟเรียนครั้งเดียวแล้วทำงานตลอด ไม่ต้องกดใช้และไม่กินช่อง Hotbar จุดสำคัญคือ ,"Passive skills are learned once and always active — no need to activate them, and they take no Hotbar slot. The key point: "
 — เปลี่ยนอาชีพแล้วโบนัสยังทำงานอยู่ ต่างจากสกิลกดใช้ที่ใช้ได้เฉพาะตอนเล่นอาชีพเจ้าของสกิล," — the bonus keeps working after changing class, unlike active skills, which only work while playing the class that owns them"
โบนัสพาสซีฟ = ผลรวมของพาสซีฟทุกตัวที่เคยเรียน ไม่ว่าตอนนี้เล่นอาชีพอะไร,"Passive bonus = the sum of every passive ever learned, regardless of the class currently played"
แต้มสกิลของอาชีพปัจจุบัน = Job Level ของอาชีพนั้น − ระดับสกิลที่ลงไว้ในอาชีพนั้น (แต่ละอาชีพมีแต้มของตัวเอง ไม่แย่งกัน),"Current class's skill points = that class's Job Level − skill levels already invested in that class (each class has its own points, they don't compete)"
การเปลี่ยนอาชีพไม่ลบสกิลที่เรียนไว้ · Job Level และค่าสเตตัสของแต่ละอาชีพถูกเก็บแยกและกลับมาเหมือนเดิมเมื่อสลับกลับ,Changing class does not erase learned skills · Each class's Job Level and stats are stored separately and return exactly as they were when you switch back
อัประดับพาสซีฟได้เฉพาะตอนเล่นอาชีพเจ้าของสกิล และต้องมี Job Level ถึงเกณฑ์ · สูงสุดระดับ 10,"You can only rank up a passive while playing the class that owns it, and only once Job Level meets the requirement · Maximum rank 10"
โจมตีสองครั้งต้องถืออาวุธประชิด (HIT ได้เสมอ),The double-hit requires a melee weapon (the HIT bonus always applies)
มีผลเฉพาะตอนถือ Bow ซึ่งมีแต่ Archer ที่ใส่ได้ · ระยะที่เพิ่มใช้ได้ทุกนัด แต่มอนที่โดนยิงจะวิ่งเข้ามาหา,"Only works while holding a Bow, which only the Archer can equip · the extra range applies to every shot, but a monster you shoot runs up to you"
✔ ได้ผลเต็มทุกอาชีพ,✔ Full effect on every class
ระบบฟื้นฟู HP และ SP ตามธรรมชาติ (Natural Regen),Natural HP and SP Recovery (Natural Regen)
ตัวละครจะฟื้นฟู HP ทุกๆ 6 วินาที และฟื้นฟู SP ทุกๆ 2 วินาที หากถูกโจมตี การฟื้นฟู HP จะหยุดชั่วคราวเป็นเวลา 8 วินาที,Characters recover HP every 6 seconds and SP every 2 seconds. Taking damage pauses HP recovery for 8 seconds
ฟื้นฟู HP ต่อรอบ = floor(MaxHP / 200) + floor(VIT / 5) (ขั้นต่ำ 1 HP),HP recovered per tick = floor(MaxHP / 200) + floor(VIT / 5) (minimum 1 HP)
การนั่งพัก (Sit Down): ช่วยให้ฟื้นฟู HP และ SP เร็วขึ้นเป็น 2 เท่าตัว!,Sitting Down: makes HP and SP recovery 2x faster!
สถานะผิดปกติและบัฟ (Status Effects),Status Effects and Buffs (Status Effects)
สถานะผิดปกติที่ได้รับจากการโจมตีของมอนสเตอร์ และบัฟเสริมพลังจากสกิล,"Debuffs inflicted by monster attacks, and power-up buffs from skills"
ลำดับเควสต์เริ่มต้น (Tutorial Quest Chain),Starting Quest Order (Tutorial Quest Chain)
"ทำเควสต์เพื่อเรียนรู้ระบบเกมและรับรางวัล Silver, ยา, และกล่องสุ่ม","Complete quests to learn the game systems and earn Silver, potions, and mystery boxes"
ตารางค่าประสบการณ์ (EXP Tables) — Base & Job,Experience Point Tables (EXP Tables) — Base & Job
ตาราง EXP ที่ต้องการในการอัปเลเวลสำหรับ Base Level 1–99 (Revo-Classic) และ Job Level 1–50 ของทุกอาชีพ,"EXP tables required to level up, for Base Level 1–99 (Revo-Classic) and Job Level 1–50 of every class"
EXP ที่ต้องการ,EXP Required
EXP สะสม,Cumulative EXP
ตันที่เลเวล 99,Caps at Level 99
Novice ตันที่ Job Lv.10 เพื่อเปลี่ยนอาชีพ · อาชีพขั้น 1 ตันที่ Job Lv.50 (สูตร: 20 + (level - 1) × 15),Novice caps at Job Lv.10 to change class · First classes cap at Job Lv.50 (formula: 20 + (level - 1) × 15)
Job EXP ที่ต้องการ,Job EXP Required
Novice เปลี่ยนอาชีพได้,Novice can change class
Job สูงสุด (MAX),Max Job (MAX)
สกิลประจำอาชีพ ,Class Skills 
รอบตัว (Area),Around Self (Area)
มอนสเตอร์ที่อาศัยอยู่ ,Resident Monsters 
ดูข้อมูล ,View info for 
ช่องที่ออกบ่อยกว่าช่องอื่น ,"slot that appears more often than the rest, by "
ช่องอื่น ๆ ,Other slots 
มอนสเตอร์ที่ถนัดช่องนี้ ,Monsters favoring this slot 
ร้านค้า ,Shop 
ตัวที่ดรอปสุ่มสเตตัสตามขั้น ,the dropped version rolls stats by tier 
ทุกแมพล่ามอนมีบอสประจำแมพ ,Each hunting map spawns 
มอนที่แกร่งที่สุดของแมพนั้นในร่าง ,the strongest monster on that map in its 
เกิดสุ่มตามจุดเกิดมอนของแมพ และเกิดใหม่ทุก ,"form, spawning randomly at the map's monster spawn points and respawning every "
นาทีหลังถูกล้ม ,minutes after being defeated 
บอสดรอปอุปกรณ์สุ่มสเตตัสแน่นอน ,Bosses always drop 
สุ่มจากทุกช่องเท่ากัน ขั้นตามเลเวลบอส — ,"piece of Random-Stat equipment (rolled equally among all slots, tier set by the boss's level — "
ได้ขั้น ,gets tier 
พร้อมผลึก ,along with 
และสุ่มการ์ดประจำเผ่าของมัน ,and rolls one of its species cards 
ได้การ์ดบอสเพิ่ม ,chance of an extra Boss Card 
ของที่ตกพื้นอยู่ได้ ,Dropped loot stays on the ground for 
วินาทีแรกเก็บได้เฉพาะผู้ที่ล้มมอนสเตอร์ หลังจากนั้นใครก็เก็บได้,"seconds being for the player who defeated it only; after that, anyone can pick it up"
ดูตารางดรอปเต็มของมอนสเตอร์แต่ละตัวได้ในแท็บ ,See the full drop table for each monster in the 
อุปกรณ์ที่ดรอปจากมอนสเตอร์จะมี ,Equipment dropped by monsters carries a 
ขั้นยิ่งสูง ค่าสเตตัสทุกบรรทัดยิ่งมาก ส่วนของจากร้านค้า ,"The higher the tier, the higher every stat line; shop-bought gear "
"ค้นหามอนสเตอร์, ไอเทม, การ์ด, สกิล, แมพ... (กด / เพื่อค้นหา)","Search monsters, items, cards, skills, maps... (Press / to search)"
เข้าร่วมคอมมูนิตี้ ,Join the 
ระบบเกม ,Game Systems 
ข้อมูลทั้งหมดซิงค์ตรงกับโค้ดเกม (shared data) เสมอ อัตราดรอป สเตตัส และสูตรตรงกับเซิร์ฟเวอร์จริง,"All data always syncs directly with the game code (shared data) — drop rates, stats and formulas match the real server"
Wiki / คู่มือเกม,Wiki / Game guide
สารบัญฐานข้อมูลทั้งหมดของ Lumivara Online เลือกหมวดที่ต้องการเพื่อดูข้อมูลแบบละเอียด,The full Lumivara Online database index — pick a section to see the details
เรียงตาม: เลเวล (มากไปน้อย),Sort by: Level (high to low)
เรียงตาม: เลเวล (น้อยไปมาก),Sort by: Level (low to high)
เรียงตาม: EXP (มากไปน้อย),Sort by: EXP (high to low)
เรียงตาม: ชื่อ (ก-ฮ / A-Z),Sort by: Name (A-Z)
เลเวล ค่าพลัง จุดเกิด และตารางไอเทมดรอปพร้อมโอกาสจริงของมอนสเตอร์ทุกชนิดรวมถึงบอสโลก,"Level, power stats, spawn points and real drop tables for every monster species, world bosses included"
อาวุธ เกราะ และเครื่องประดับทุกชิ้น พร้อมสเตตัส เงื่อนไขอาชีพ เลเวล และราคาซื้อขาย,"Every weapon, armor piece and accessory with its stats, class and level requirements, and prices"
ยาฟื้นฟู ไอเทมกดใช้ Warp Scroll กล่องสุ่ม และวัตถุดิบที่ได้จากมอนสเตอร์,"Potions, usable items, Warp Scrolls, loot boxes and the materials monsters drop"
การ์ดมอนสเตอร์หายาก โบนัสเมื่อนำไปฝังกับอุปกรณ์ และแหล่งที่มาของการ์ดแต่ละใบ,"Rare monster cards, the bonus each one gives when slotted, and where it drops"
อาชีพทั้งหมด โบนัสสเตตัส อาวุธที่ถนัด ความเร็วโจมตี และตาราง Job EXP,"Every class with its stat bonuses, favored weapons, attack speed and Job EXP table"
สกิลใช้งาน สกิลบัฟ และสกิลติดตัวของทุกอาชีพ พร้อมดูสเกลความแรงตามเลเวลสกิล,"Active, buff and passive skills for every class, with the power scaling at each skill level"
แผนที่และดันเจี้ยน เลเวลที่แนะนำ มอนสเตอร์ประจำถิ่น และเส้นทางวาร์ปเชื่อมต่อ,"Maps and dungeons, their recommended level, resident monsters and warp connections"
สูตรคำนวณสเตตัส อัตราตีบวก ตาราง Base EXP ระบบฟื้นฟู และสถานะผิดปกติ,"Stat formulas, refine rates, the Base EXP table, regeneration and status ailments"
กำลังกรองข้อมูล...,Filtering...
รายชื่อมอนสเตอร์ทั้งหมด ,A full list of 
ค่าพลัง จุดเกิด และตารางไอเทมดรอปพร้อมโอกาสดรอปจริง,"monster species, plus power stats, spawn points, and a drop table with real drop chances"
หมวก ,Hats 
สเตตัสพื้นฐาน เงื่อนไขอาชีพ ,"base stats, class requirements, "
Warp Scroll กล่องสุ่ม ,"Warp Scrolls, the "
การ์ดมอนสเตอร์หายาก โบนัสสเตตัสเมื่อนำไปฝังกับอุปกรณ์สวมใส่ และแหล่งที่มา,"Rare monster cards, the stat bonus when socketed into equipment, and where to find them"
การเปลี่ยนอาชีพ ,Class Change 
อาชีพทั้งหมด ,All 
โบนัสสเตตัส อาวุธที่รองรับ ความเร็วโจมตี และตาราง ,"stat bonuses, supported weapons, attack speed, and the "
สกิลพาสซีฟ ,Passive Skills 
สกิลใช้งาน สกิลบัฟ และสกิลติดตัวของแต่ละอาชีพ พร้อมตัวปรับระดับเลเวลเพื่อดูสเกลความแรง,"Active skills, buff skills, and each class's innate passives, with a level selector to see how they scale"
แผนที่และดันเจี้ยนในเกม เลเวลที่แนะนำ มอนสเตอร์ที่อาศัยอยู่ และเส้นทางวาร์ปเชื่อมต่อ,"Maps and dungeons in the game, recommended level, resident monsters, and connected warp routes"
คู่มือระบบสเตตัส สูตรตีบวก อัตราความสำเร็จ ตาราง ,"A guide to the stat system, refine formulas, success rates, the "
ระบบฟื้นฟู และสถานะผิดปกติ,"recovery system, and status effects"
Job Lv.10 แล้ว! เปลี่ยนอาชีพได้แล้ว,Job Lv.10 reached! You can change class now
Novice ตันที่ Job Lv.10 แล้ว ถึงเวลาเลือกอาชีพจริง,Novice caps at Job Lv.10. Time to pick your real class
Base Level และไอเท็มอยู่ครบ · Job เริ่มนับ Lv.1 ของอาชีพใหม่ · เปลี่ยนสลับอาชีพได้อีกภายหลัง,Base Level and items stay · Job starts at Lv.1 for the new class · You can switch classes again later
เดินลงไปทางใต้ ออกจากเมืองไปแมพล่าง ป่าเริ่มต้น (Verdant Forest),Walk south out of town to the map below: the starter forest (Verdant Forest)
กดปุ่ม AUTO (หรือปุ่ม F) เพื่อเปิด Auto Bot ให้ตัวละครล่ามอนสเตอร์เอง,Press the AUTO button (or F) to turn on Auto Bot and let your character hunt on its own
ขอให้สนุกกับการผจญภัย!,Enjoy your adventure!
เปิด Auto Bot,Turn on Auto Bot
